Y,X1,X2,X3,,ln Y,lnX1,lnx2,lnx3,ln of ( ,ln(x1)ln(y),ln(x1)^2,ln(x1)*ln(x2),ln(x1)*ln(x3),ln(x2)^2,ln(x2)ln(y),ln(x2)*ln(x3),)
0,0,9.47,24,,1.73239376,1.73239376,1.802568498,1.892094603,,3.001188139,3.001188139,3.122758418,3.277852883,3.249253191,3.122758418,3.410630127,
-11.2,34.48,-19.48,88.43,,1.631443769,1.946845114,1.538070787,2.153601474,,3.17616833,3.790205898,2.994385597,4.192728508,2.365661746,2.509276002,3.312391515,
0,31.25,0.75,41.03,,1.73239376,1.930694388,1.738384124,1.977860729,,3.344722909,3.727580819,3.356288471,3.81864461,3.021979361,3.011565808,3.43828169,
-0.32,55,-10,87.31,,1.729812507,2.037426498,1.643452676,2.150172896,,3.524365839,4.151106735,3.348414031,4.380819234,2.7009367,2.842864995,3.533707401,
-11.2,63.32,-32.34,147.86,,1.631443769,2.069372054,1.335658452,2.305050269,,3.376064144,4.282300699,2.763974275,4.77000661,1.783983501,2.17905166,3.078759875,
0,30,-30,60.94,,1.73239376,1.924279286,1.380211242,2.060471193,,3.333609427,3.702850771,2.655911903,3.964922036,1.904983072,2.391069342,2.843885504,
0,15,2.1,47.19,,1.73239376,1.838849091,1.748962861,2.005137596,,3.18561069,3.381365979,3.216078767,3.687145445,3.05887109,3.029892347,3.506911187,
-9.92,29.64,-0.16,33.64,,1.644241586,1.922414024,1.731105051,1.942702369,,3.160913084,3.69567568,3.327900628,3.734678279,2.996724698,2.846354915,3.363021884,
-6.48,22,-17.38,42.51,,1.676876432,1.880813592,1.56371834,1.984572316,,3.153891986,3.537459769,2.941062708,3.732610586,2.445215047,2.622162431,3.103312127,
0,34.25,-4.25,61.03,,1.73239376,1.945714714,1.696793085,2.06081112,,3.370744029,3.785805749,3.301475272,4.009750519,2.879106774,2.939513752,3.496770058,
-8.93,15.46,-0.46,57.18,,1.653887558,1.841734779,1.728678367,2.04602667,,3.046022236,3.391986996,3.18376707,3.768238476,2.988328896,2.859039643,3.536922042,
-1.54,34.9,-9.9,153.8,,1.719828286,1.948901761,1.644438589,2.317645543,,3.351776376,3.798218074,3.204849263,4.51686348,2.704178275,2.828152001,3.811225768,
0,50,-2.64,57.28,,1.73239376,2.017033339,1.710625015,2.046417117,,3.49429597,4.068423492,3.450387686,4.127691551,2.926237942,2.963476101,3.500652312,
0.33,10.01,24.46,32.33,,1.735039705,1.806247827,1.894648304,1.936161741,,3.133911697,3.262531213,3.422204382,3.497187938,3.589692195,3.287290034,3.668345558,
11.2,39.9,10.91,83.6,,1.814247596,1.972665592,1.812311609,2.138618434,,3.578903808,3.891409539,3.575084754,4.218779,3.284473369,3.28798198,3.875843015,
-1.81,13.35,-8.35,59.06,,1.717587297,1.8283376,1.659440782,2.053308981,,3.140329436,3.34281838,3.034017977,3.754142015,2.753743709,2.850234407,3.407344661,
-5.95,21.83,19.2,53.73,,1.681693392,1.879841056,1.864511081,2.03233666,,3.161316282,3.533802396,3.50498448,3.820469893,3.476401571,3.135535964,3.789314223,
0,6,29,21.24,,1.73239376,1.77815125,1.919078092,1.876448787,,3.08045813,3.161821869,3.41241111,3.336609757,3.682860725,3.324598912,3.601051758,
0,0,15,35.33,,1.73239376,1.73239376,1.838849091,1.950997334,,3.001188139,3.001188139,3.18561069,3.379895607,3.381365979,3.18561069,3.587589674,
-6.22,43.32,-33.43,56.03,,1.679246145,1.9882021,1.313234292,2.041511113,,3.338680713,3.952947591,2.610975177,4.058936682,1.724584305,2.205243622,2.6809824,
0,45,-12.12,65.06,,1.73239376,1.995635195,1.622006673,2.075765878,,3.457225958,3.98255983,3.236933603,4.142471442,2.630905647,2.809954239,3.366906106,
4.16,18.73,-3.19,53.25,,1.764624398,1.861713588,1.705949195,2.030397301,,3.285225218,3.465977482,3.175988796,3.780018243,2.910262656,3.010359571,3.463754641,
-0.28,20.54,0.42,50.92,,1.730136004,1.872389388,1.735758537,2.020858282,,3.239488294,3.505842022,3.250015866,3.783833603,3.0128577,3.00309834,3.507722016,
0,0,0,22.15,,1.73239376,1.73239376,1.73239376,1.881669908,,3.001188139,3.001188139,3.001188139,3.259793206,3.001188139,3.001188139,3.259793206,
-7.34,9.05,1.26,45.51,,1.668944734,1.799685091,1.742410881,1.997866726,,3.003574956,3.238866426,3.135790884,3.595530961,3.035995677,2.907987464,3.481104722,
-2.11,22.43,5.88,44.39,,1.715083671,1.88326386,1.777281792,1.992950961,,3.229955093,3.546682765,3.347090567,3.753252518,3.158730567,3.048186979,3.542035454,
0,32,-15.65,41.2,,1.73239376,1.934498451,1.583765368,1.978636948,,3.351313045,3.742284258,3.063791652,3.827670112,2.508312742,2.743705241,3.133696675,
0,50,-20.05,101.04,,1.73239376,2.017033339,1.530839779,2.19044376,,3.49429597,4.068423492,3.087754871,4.418198091,2.343470428,2.65201728,3.35321844,
-0.74,45.04,-0.04,126.73,,1.726401162,1.995810632,1.732071941,2.257030249,,3.445569794,3.983260078,3.456887595,4.504604966,3.000073209,2.990251012,3.909338764,
-2.5,17.43,3.65,37.52,,1.711807229,1.85388065,1.760799312,1.961516011,,3.173486299,3.436873465,3.264311773,3.636416579,3.100414216,3.014148991,3.453836043,
-6.32,59.3,-9.33,64.11,,1.678336247,2.05422991,1.650015952,2.07228667,,3.447688517,4.219860523,3.389512121,4.256953258,2.722552643,2.769281581,3.419306063,
1.28,28.12,9.68,73.59,,1.742568034,1.914448941,1.804003055,2.105816637,,3.336057527,3.665114747,3.453671737,4.031478431,3.254427021,3.143598057,3.798899647,
0.52,24.99,11.31,42.65,,1.736555847,1.897572114,1.814979684,1.985201858,,3.29523995,3.600779927,3.444054835,3.767063687,3.294151252,3.151813582,3.603101041,
-1.14,39.5,-6.11,56.87,,1.723127159,1.970811611,1.680244837,2.044814048,,3.395959012,3.884098406,3.311446034,4.029943267,2.823222712,2.895275512,3.435788246,
1.04,29.53,0.47,47.58,,1.740678425,1.921842481,1.736157375,2.006808208,,3.345309744,3.693478523,3.336620998,3.856769267,3.014242432,3.022091686,3.484134872,
-6.56,46.25,-27.07,70.52,,1.67614468,2.001084381,1.430236353,2.095239112,,3.354106941,4.004338701,2.862023628,4.192750262,2.045576027,2.397283055,2.996687147,
2.65,18.77,-9.58,50.86,,1.753199914,1.861952375,1.647578554,2.020609853,,3.264374744,3.466866646,3.067712802,3.762279315,2.714515092,2.88853458,3.329113461,
11.2,58.37,-33.95,69.83,,1.814247596,2.050650381,1.302114377,2.092825873,,3.720387523,4.205166985,2.670181343,4.291654173,1.695501851,2.362357878,2.725098658,
0,30,-5,75.64,,1.73239376,1.924279286,1.69019608,2.112739022,,3.333609427,3.702850771,3.252409306,4.065499938,2.856762789,2.928085142,3.570943214,
4.45,26.72,8.28,59.75,,1.766784515,1.906981153,1.794348604,2.055951405,,3.369224773,3.636577119,3.42178897,3.920660582,3.219686912,3.170227329,3.689093534,
-2.02,9.9,16.5,36.02,,1.715836275,1.805500858,1.848189117,1.954339009,,3.097943867,3.259833349,3.336907037,3.528560757,3.415803012,3.17118993,3.611988087,
-3.56,33.31,-2.12,49.36,,1.702775078,1.941063988,1.714999967,2.014352501,,3.305195384,3.767729406,3.328924677,3.909987099,2.941224888,2.920259203,3.454614473,
0.54,49.63,-16.62,98.52,,1.736715134,2.015485498,1.572639297,2.183326797,,3.500324166,4.062181793,3.169631697,4.400463496,2.473194359,2.731226467,3.433585519,
-0.96,12.4,15.51,40.99,,1.724603515,1.822168079,1.842047289,1.977677888,,3.142517475,3.320296509,3.35651977,3.603661518,3.393138213,3.176801229,3.642976191,
-3.92,19.76,11.55,48.57,,1.69966432,1.867820908,1.816572696,2.011020356,,3.174668554,3.488754945,3.393032463,3.756225867,3.29993636,3.087563796,3.653164669,
11.2,21.85,-1.53,65.59,,1.814247596,1.879955585,1.719911064,2.077694866,,3.4107049,3.534233002,3.233356411,3.905974067,2.958094069,3.120344513,3.573450388,
2.05,15.1,0.44,52.82,,1.748575617,1.839478047,1.735918117,2.028652574,,3.216466462,3.383679487,3.193183267,3.731661875,3.013411707,3.035384092,3.521574755,
4.48,35.39,-7.7,44.47,,1.767007364,1.951288937,1.665580991,1.993303938,,3.447941921,3.807528517,3.250029762,3.889511923,2.774160038,2.943093876,3.320009148,
0.38,40,-11.88,111.93,,1.735439203,1.973127854,1.624488363,2.219924913,,3.42424343,3.893233527,3.205323236,4.380195679,2.63896244,2.81920079,3.606242187,
-2.65,35.29,-27.62,81.44,,1.710540448,1.950802823,1.421274791,2.131746945,,3.336927135,3.805631654,2.772626875,4.158617958,2.020022032,2.431148018,3.029798194,
8.85,1.57,19.51,28.84,,1.798305282,1.744840397,1.866346423,1.91824009,,3.137755702,3.04446801,3.256476633,3.3470228,3.48324897,3.35626063,3.58010053,
0,15,31.47,52.11,,1.73239376,1.838849091,1.931813704,2.025756315,,3.18561069,3.381365979,3.552313873,3.725060157,3.731904187,3.346662006,3.913383809,
-0.24,25.01,-25.01,95.33,,1.73045926,1.897682062,1.462248215,2.174147065,,3.283861496,3.601197208,2.774882208,4.125839885,2.138169843,2.530360965,3.179142666,
-1.71,29.93,15.04,48.98,,1.718418642,1.923917223,1.839100783,2.012752887,,3.306095222,3.701457481,3.538277671,3.872369946,3.382291689,3.160345069,3.701655411,
0,0,25,31.95,,1.73239376,1.73239376,1.897627091,1.934245881,,3.001188139,3.001188139,3.287437331,3.350875494,3.600988578,3.287437331,3.670477385,
4.65,15.6,27.51,33.3,,1.768268016,1.84260924,1.911210893,1.941014244,,3.258226985,3.39520881,3.521614851,3.57653078,3.652727078,3.379533095,3.709687566,
-5.01,41.81,-18.34,54.89,,1.690107439,1.98141084,1.552181339,2.036987998,,3.348797202,3.925988918,3.075508931,4.0361101,2.409266909,2.623353228,3.161774758,
-10.7,23.64,6.86,46.63,,1.636487896,1.890085527,1.784331948,2.002727473,,3.093102088,3.572423298,3.37253999,3.78532621,3.183840501,2.920037636,3.573530613,
0,23.24,6.55,39.4,,1.73239376,1.887842265,1.782114147,1.970346876,,3.27048616,3.563948418,3.364350409,3.71970411,3.175930835,3.087323428,3.511383044,
7.02,28,-7.68,52.22,,1.785472203,1.913813852,1.665768551,2.026206297,,3.417061436,3.662683462,3.187970927,3.877781679,2.774784865,2.974183444,3.375190727,
-5.88,38.52,12.67,57.73,,1.682325619,1.966235624,1.823930455,2.048169799,,3.307848563,3.866082529,3.586277037,4.027184423,3.326722305,3.068444931,3.735719273,
5.89,29.48,8.04,122.58,,1.777354313,1.92158244,1.792671789,2.246941512,,3.415332838,3.692479075,3.444766631,4.317683355,3.213672144,3.186212936,4.028028661,
-0.07,49.97,-13.17,68.94,,1.73183042,2.016908044,1.61097938,2.089693209,,3.492942705,4.067918058,3.24919727,4.214719042,2.595254563,2.789943097,3.36645267,
5.69,34.36,-2.5,50.5,,1.775901579,1.946255707,1.711807229,2.01911629,,3.456358583,3.787911278,3.331614589,3.929716604,2.930283989,3.040001161,3.456337862,
1.94,35.9,1.67,45.5,,1.747722462,1.953759692,1.745621221,1.997823081,,3.414629699,3.817176933,3.410524379,3.903266206,3.047193448,3.050861419,3.487442366,
-4.52,20.13,-11.38,35.52,,1.694429691,1.869994,1.629613445,1.951920074,,3.168573356,3.49687756,3.047367365,3.650078826,2.655639981,2.761265407,3.180875196,
7.89,21.21,-6.21,64.56,,1.791620483,1.876275589,1.679337031,2.073938191,,3.361573776,3.520410085,3.150899076,3.8912796,2.820172862,3.008734621,3.482841203,
0.13,29.99,20,60.43,,1.733438027,1.924227581,1.86923172,2.058539898,,3.335529262,3.702651784,3.596827231,3.961099249,3.494027222,3.240197344,3.847888074,
0,20.77,-8.29,92.67,,1.73239376,1.873727381,1.660011221,2.166341292,,3.246033622,3.510854297,3.110408478,4.059132995,2.755637255,2.875793081,3.596150854,
6.72,37.41,-14.01,63.19,,1.783331763,1.960993709,1.601951404,2.068890554,,3.497102368,3.845496327,3.141416626,4.057081361,2.566248301,2.856810822,3.314262128,
0,19.99,-19.99,58.01,,1.73239376,1.869173027,1.531606632,2.049256797,,3.238143689,3.493807806,2.862837805,3.830415531,2.345818875,2.653345772,3.138655301,
4.13,38.24,-38.24,137.89,,1.764400323,1.964919294,1.197556213,2.283052343,,3.466904237,3.860907833,2.353101309,4.486013598,1.434140884,2.112968569,2.734083518,
0,9.83,24.88,45.89,,1.73239376,1.805024844,1.896966902,1.999522013,,3.127013777,3.258114689,3.424072387,3.609186911,3.598483427,3.286293623,3.793027079,
0,45,-15.21,68.94,,1.73239376,1.995635195,1.58871978,2.089693209,,3.457225958,3.98255983,3.170505107,4.170265313,2.524030538,2.752288232,3.319936934,
-3.38,37.9,-17.52,44.83,,1.704322141,1.963315511,1.56205483,1.994888795,,3.346122095,3.854607797,3.066806477,3.916596115,2.440015291,2.662244631,3.116125677,
0,1,14.54,27.15,,1.73239376,1.740362689,1.8359441,1.909288524,,3.014993463,3.028862291,3.195208612,3.322854511,3.370690739,3.180578102,3.505347001,
-1.02,25.92,-10.92,70.83,,1.724111954,1.902655475,1.634275695,2.096318971,,3.280391049,3.620097857,3.109463598,3.988572767,2.670857046,2.817674261,3.425963142,
0,34.99,10.05,44.05,,1.73239376,1.949341207,1.806519134,1.991447598,,3.377026542,3.79993114,3.521522189,3.882010864,3.263511382,3.129602475,3.59758819,
2.69,8.3,41.79,40.34,,1.753506457,1.794488047,1.981320173,1.974695872,,3.146646377,3.22018735,3.555455368,3.543568138,3.925629629,3.474257717,3.912504767,
-0.05,28.51,6.49,74.71,,1.731991449,1.916506587,1.781683585,2.10961229,,3.319373021,3.672997498,3.414608326,4.043085851,3.174396395,3.085860733,3.758661587,
0,20,4.07,43.11,,1.73239376,1.86923172,1.763951826,1.987263954,,3.238245367,3.494027222,3.297234705,3.714656819,3.111526045,3.055859136,3.505437881,
0.06,40.03,-1.27,59,,1.732876041,1.973266436,1.722057771,2.053078443,,3.41942613,3.893780428,3.398078801,4.051270783,2.965482968,2.984112654,3.535519689,
-0.14,17.24,29.21,26.78,,1.731266349,1.852723911,1.920175522,1.907303849,,3.207558561,3.43258589,3.557555103,3.533707446,3.687074035,3.324335266,3.662358164,
0,0,15.03,25.94,,1.73239376,1.73239376,1.839037873,1.902764144,,3.001188139,3.001188139,3.185937736,3.296336729,3.3820603,3.185937736,3.499255325,
8.44,12.5,-3.75,61.18,,1.795462894,1.822821645,1.701136066,2.061377074,,3.272808627,3.322678751,3.100867643,3.75752275,2.893863915,3.054326685,3.506682887,
6.69,47.43,-8.67,60.59,,1.783117137,2.006166425,1.656385719,2.059146719,,3.577229734,4.024703727,3.322985417,4.130991014,2.74361365,2.953529762,3.41074122,
0,0,34.36,28.5,,1.73239376,1.73239376,1.946255707,1.916453949,,3.001188139,3.001188139,3.371681242,3.320052861,3.787911278,3.371681242,3.729909435,
-4.33,1.13,14.25,21.07,,1.69609416,1.741387992,1.834102656,1.875466416,,2.953558004,3.03243214,3.193884342,3.265914697,3.363932552,3.110810803,3.439797934,
0,25,8.18,39.59,,1.73239376,1.897627091,1.793650718,1.971229447,,3.287437331,3.600988578,3.403680194,3.740658402,3.217182897,3.107309311,3.535697113,
11.2,23.69,14.38,52.58,,1.814247596,1.890365121,1.834929096,2.027675716,,3.429590377,3.573480292,3.468685964,3.833047451,3.366964789,3.329015702,3.720641169,
0,10,-10,45.09,,1.73239376,1.806179974,1.643452676,1.996029828,,3.129014916,3.262286098,2.968371312,3.605189104,2.7009367,2.847107161,3.280380564,
3.51,31.13,-6.15,145.83,,1.759743368,1.930082633,1.679881942,2.300660688,,3.396450113,3.725218972,3.242310963,4.44046524,2.822003339,2.956161106,3.864838345,
0,6.9,12.73,43.84,,1.73239376,1.784617293,1.824321125,1.990516444,,3.091659861,3.184858881,3.255715027,3.552310067,3.328147567,3.160442533,3.631341198,
0,55,-25.8,133.79,,1.73239376,2.037426498,1.450249108,2.273672462,,3.529624951,4.151106735,2.954775962,4.632440522,2.103222476,2.512402505,3.297391461,
0,35,-5.07,106.98,,1.73239376,1.949390007,1.689575216,2.206771923,,3.377111083,3.800121398,3.293641041,4.301859134,2.85466441,2.927009561,3.728507148,
7.99,35.02,-5.01,54.82,,1.792321636,1.94948759,1.690107439,2.036708722,,3.494108787,3.800501863,3.294843479,3.970538377,2.856463157,3.029216131,3.442256562,
-0.04,25,10.27,75.77,,1.732071941,1.897627091,1.8080083,2.113174305,,3.286826639,3.600988578,3.430925531,4.010016809,3.268894013,3.131600445,3.820636682,
0,30,6.3,74.3,,1.73239376,1.924279286,1.780317312,2.108226656,,3.333609427,3.702850771,3.425827726,4.056816885,3.169529732,3.084210602,3.753312414,
5.36,26.3,5.05,48.63,,1.773493892,1.904715545,1.771219902,2.011274329,,3.378001386,3.627941308,3.373670081,3.83090548,3.137219941,3.141247678,3.56240912,
2.06,22.87,32.13,49.84,,1.748653093,1.885756881,1.935154447,2.016364679,,3.297534604,3.556079015,3.649230815,3.802373569,3.744822735,3.38391381,3.901977077,
-5.82,22.81,2.19,63.51,,1.682866796,1.885417765,1.749659032,2.070074826,,3.172906953,3.554800149,3.298838222,3.902955853,3.061306729,2.944443089,3.621925117,
0.22,35.02,11.26,60.49,,1.734159513,1.94948759,1.814647069,2.058767555,,3.38072245,3.800501863,3.537631942,4.0135418,3.292943987,3.146887479,3.735936511,
3.82,34.48,-14.5,63.43,,1.762078087,1.946845114,1.596597096,2.069779061,,3.430493115,3.790205898,3.108327255,4.029539252,2.549122286,2.813328757,3.304603237,
0,0,9.83,19.6,,1.73239376,1.73239376,1.805024844,1.866877814,,3.001188139,3.001188139,3.127013777,3.234167476,3.258114689,3.127013777,3.369760836,
0,40,-1.56,101.07,,1.73239376,1.973127854,1.719662683,2.190527787,,3.418234381,3.893233527,3.393114339,4.32219139,2.957239743,2.979132901,3.766968891,
0,0,34.36,28.5,,1.73239376,1.73239376,1.946255707,1.916453949,,3.001188139,3.001188139,3.371681242,3.320052861,3.787911278,3.371681242,3.729909435,
-2.12,30.37,-1.17,110.33,,1.714999967,1.926188049,1.722880611,2.215716855,,3.303412441,3.710200401,3.318592042,4.267887327,2.968317599,2.954740191,3.817415609,
0.98,39.89,-13.3,74.5,,1.740204736,1.972619339,1.609594409,2.108903128,,3.432761515,3.891227057,3.17511706,4.160063094,2.590794162,2.801023813,3.394478684,
0,0.2,14.84,25.22,,1.73239376,1.733999287,1.837840862,1.898834838,,3.003969544,3.006753526,3.186814743,3.292578254,3.377659033,3.18386404,3.489756255,
3.05,30.96,6.25,63.32,,1.756255649,1.929214504,1.779957051,2.069372054,,3.38819387,3.721868601,3.433918959,3.992262581,3.168247104,3.126059626,3.68339338,
0.31,27.61,-15.21,64.32,,1.734879803,1.911743378,1.58871978,2.073058161,,3.316644974,3.654762743,3.037224518,3.963155211,2.524030538,2.756237858,3.293508505,
1.29,17.54,17.48,31.89,,1.74264659,1.854548936,1.854184544,1.933942603,,3.231823379,3.439351755,3.438675973,3.586591196,3.438000323,3.231188372,3.585886483,
3.45,33.18,1.89,75.98,,1.759290033,1.940416865,1.74733411,2.113876533,,3.41375605,3.765217609,3.390556575,4.101801674,3.053176491,3.074067483,3.693648569,
1.93,65.06,-27.01,140.76,,1.747644819,2.075765878,1.431202885,2.289499766,,3.627701483,4.308803981,2.970842113,4.752465492,2.048341697,2.501234307,3.276738669,
0,35,-4.97,36.43,,1.73239376,1.949390007,1.690461893,1.956312531,,3.377111083,3.800121398,3.295369521,3.813616097,2.857661413,2.928545635,3.307071785,
0,17.1,24.25,40.58,,1.73239376,1.851869601,1.893484346,1.97579931,,3.20816734,3.429421018,3.5064861,3.658922679,3.585282969,3.280260466,3.741145064,
0,0,49.99,40.51,,1.73239376,1.73239376,2.016991578,1.975477763,,3.001188139,3.001188139,3.494223624,3.42230535,4.068255027,3.494223624,3.984522011,
-6.38,48.76,-11.24,77.95,,1.677789391,2.011824096,1.631037697,2.120409395,,3.375417124,4.047436192,3.281360939,4.265890712,2.660283968,2.736537744,3.458467655,
-5.71,38.48,5.65,75.86,,1.683857205,1.966047821,1.775610448,2.113475399,,3.31054379,3.865344035,3.490935052,4.155193702,3.152792463,2.989874447,3.752708999,
-0.19,29.98,-0.92,88.43,,1.730862992,1.92417587,1.724930914,2.153601474,,3.330484804,3.70245278,3.319070443,4.143907991,2.975386659,2.985619083,3.71481376,
0,14.16,16.21,59.47,,1.73239376,1.833529582,1.846398973,2.054881055,,3.176395206,3.361830727,3.385427137,3.767685201,3.409189168,3.198690059,3.794130269,
2.05,30.1,19.53,59.52,,1.748575617,1.924795996,1.866464566,2.055072382,,3.365651346,3.704839625,3.592563523,3.955595093,3.483689976,3.26365443,3.835719782,
-1.68,40.08,1.36,129.13,,1.718667735,1.973497309,1.743196081,2.262759495,,3.39178615,3.894691628,3.440192775,4.465549774,3.038732578,2.995974862,3.944433486,
-5.77,30.83,14.17,53.1,,1.683317262,1.928549467,1.833593294,2.029789471,,3.246360608,3.719303047,3.53617537,3.914549402,3.362064368,3.086519243,3.721808362,
-1.04,41.69,-26.69,40.82,,1.723947976,1.980866555,1.4363217,1.976899951,,3.414910888,3.923832307,2.845161617,3.915974995,2.063020026,2.476143888,2.839464299,
0.1,17.99,1.97,65.99,,1.733197265,1.857272174,1.747955307,2.079145053,,3.219019052,3.449459927,3.246428752,3.861538252,3.055347755,3.029551357,3.63425263,
-2.56,33.2,5.01,53.16,,1.71130096,1.940516485,1.770925615,2.030032705,,3.320807723,3.765604228,3.436510349,3.939311929,3.136177533,3.030586704,3.595036916,
-0.09,16.12,20.94,36.58,,1.731669332,1.845841907,1.874713689,1.957032316,,3.196387822,3.407132347,3.460425091,3.612372264,3.514551415,3.246384201,3.668875273,
-1.24,3.01,19.35,55.44,,1.722304787,1.755951041,1.865400118,2.039176084,,3.024282883,3.083364058,3.275551279,3.580693368,3.479717601,3.212787553,3.803879309,
-3.96,31.68,-11.7,64,,1.699317301,1.932879458,1.626340367,2.071882007,,3.284575503,3.736022998,3.143519888,4.004698171,2.644982991,2.763668324,3.369585345,
-4,26.65,3.33,74.15,,1.698970004,1.906604372,1.758381942,2.107718611,,3.239263638,3.63514023,3.352538697,4.018585517,3.091907053,2.987438175,3.706174343,
4.33,34.62,-12.68,56.65,,1.765891976,1.947531746,1.616160313,2.043951418,,3.439130684,3.7928799,3.147523515,3.980660274,2.611974157,2.853964529,3.303353164,
0,15,35.09,52.32,,1.73239376,1.838849091,1.949828959,2.026614968,,3.18561069,3.381365979,3.585441208,3.726639091,3.801832969,3.377871521,3.951552553,
0,24.99,20.01,46.14,,1.73239376,1.897572114,1.869290404,2.000607587,,3.287342089,3.600779927,3.547113344,3.796297168,3.494246615,3.238347032,3.739716565,
0,15,11.36,49.35,,1.73239376,1.838849091,1.815312044,2.014310481,,3.18561069,3.381365979,3.338084901,3.704012996,3.295357815,3.144835256,3.656602075,
0,20,-7.14,57,,1.73239376,1.86923172,1.670802284,2.045322979,,3.238245367,3.494027222,3.123116627,3.823182589,2.791580273,2.894487451,3.417330305,
-0.03,30,5.27,58.93,,1.732152418,1.924279286,1.772834927,2.052809328,,3.333145018,3.702850771,3.411429528,3.950178468,3.142943679,3.070820306,3.639292076,
0.31,40.48,-9.35,55.36,,1.734879803,1.975339885,1.649821463,2.038858502,,3.426977269,3.90196766,3.258958139,4.027438517,2.721910861,2.862241935,3.363752516,
3.09,13.91,22.88,46.62,,1.756560043,1.83193373,1.885813375,2.002684313,,3.217901592,3.355981193,3.45468513,3.668784944,3.556292084,3.312544422,3.776688863,
0,0,9.92,25.82,,1.73239376,1.73239376,1.805636766,1.902111723,,3.001188139,3.001188139,3.128073866,3.29520648,3.260324132,3.128073866,3.434522861,
0,22.85,-7.88,48.26,,1.73239376,1.885643872,1.663889299,2.009705788,,3.266677677,3.555652811,3.137502659,3.789589404,2.768527598,2.882511438,3.343927955,
4.38,39.41,-24.41,116.89,,1.766264091,1.970393372,1.471144965,2.23271665,,3.480235058,3.882450041,2.898734289,4.399330088,2.164267509,2.598430524,3.284649858,
-0.04,35,-35,57.02,,1.732071941,1.949390007,1.278753601,2.045401223,,3.376483733,3.800121398,2.492789491,3.987284704,1.635210772,2.214893232,2.615564179,
2.02,30.54,9,107.46,,1.748343104,1.927062243,1.799340549,2.208064948,,3.369165985,3.71356889,3.467441236,4.255078593,3.237626413,3.145864642,3.973060797,
0,25,-4.68,40,,1.73239376,1.897627091,1.693023068,1.973127854,,3.287437331,3.600988578,3.21272644,3.74426087,2.866327109,2.932982598,3.340550972,
0,23.24,-20.23,55.66,,1.73239376,1.887842265,1.528531061,2.040048242,,3.27048616,3.563948418,2.88562554,3.851289293,2.336407203,2.648017671,3.118277102,
4.45,31.19,0.06,71.54,,1.766784515,1.930388618,1.732876041,2.098782124,,3.41058072,3.726400217,3.345124187,4.051465125,3.002859375,3.061618557,3.636929259,
0,20,10.03,37.02,,1.73239376,1.86923172,1.806383502,1.959136831,,3.238245367,3.494027222,3.37654934,3.662080708,3.263021356,3.129367506,3.53895245,
0,8.75,16.25,30.03,,1.73239376,1.79761373,1.846646329,1.924434364,,3.114174809,3.231415123,3.319556795,3.459389635,3.410102663,3.199118576,3.553749652,
-3.06,31.49,-6.49,70.56,,1.707058941,1.931915317,1.67678503,2.0953786,,3.297893315,3.732296792,3.239406684,4.048094012,2.811608038,2.862370878,3.513499469,
0,7.67,20,36.5,,1.73239376,1.790073948,1.86923172,1.956648579,,3.101112938,3.204364741,3.346063005,3.502545648,3.494027222,3.238245367,3.657429589,
11.2,43.97,-8.95,66.18,,1.814247596,1.991093108,1.653694795,2.0798322,,3.612335884,3.964451765,3.29266031,4.141139559,2.734706476,3.000211806,3.439407684,
0,44.97,-4.36,146.44,,1.73239376,1.99550357,1.695831773,2.301984394,,3.456997933,3.982034499,3.384038357,4.593618077,2.875845402,2.937848381,3.903778276,
1.96,37.06,-11.17,88.84,,1.747877706,1.959327646,1.631748074,2.154849842,,3.424665111,3.838964824,3.197129113,4.222056867,2.662601778,2.852096081,3.51617208,
4.22,20.38,-1.6,70.49,,1.765072201,1.871456174,1.719331287,2.095134467,,3.303255268,3.502348211,3.217653152,3.920952334,2.956100074,3.034743859,3.602230239,
-5.46,24.12,-15.42,59.09,,1.686099772,1.892762235,1.586362223,2.053424204,,3.191385972,3.582548877,3.002606507,3.886643785,2.516545104,2.674764983,3.257474586,
0,10,-0.37,41.03,,1.73239376,1.806179974,1.729407797,1.977860729,,3.129014916,3.262286098,3.12362173,3.572372441,2.990851328,2.996015276,3.420527766,
0,0,28.38,29.43,,1.73239376,1.73239376,1.915821788,1.921322244,,3.001188139,3.001188139,3.31895771,3.328486665,3.670373122,3.31895771,3.680911015,
11.2,12.72,9.13,33.78,,1.814247596,1.824256038,1.800235789,1.943395577,,3.30965213,3.327910091,3.284091008,3.545251114,3.240848897,3.266073453,3.49857027,
4.3,15.54,-3.28,103.17,,1.765668555,1.842234686,1.705179245,2.196369653,,3.252775856,3.39382864,3.141340351,4.046228359,2.907636257,3.010781373,3.745203947,
0.41,45.14,-24.82,77.83,,1.735678726,1.996248915,1.465085288,2.120014252,,3.464846773,3.985009729,2.924674915,4.23207615,2.1464749,2.542917365,3.10600169,
0,20,-2.16,44.87,,1.73239376,1.86923172,1.714664993,1.995064534,,3.238245367,3.494027222,3.205106193,3.72923791,2.940076038,2.970474934,3.420867315,
0.27,4.98,23.26,30.98,,1.734559822,1.770704768,1.887954704,1.929316727,,3.071393347,3.135395376,3.343010396,3.416250327,3.564372964,3.274770374,3.642462589,
-0.09,17.84,2.16,42.76,,1.731669332,1.856366324,1.749427099,1.98569586,,3.214612631,3.446095928,3.247577553,3.686178923,3.060495175,3.029429256,3.473830148,
6.75,34.5,-34.5,81.11,,1.783546282,1.946943271,1.290034611,2.130687494,,3.472463432,3.790588099,2.511624206,4.148327678,1.664189299,2.300836435,2.748660613,
0,25,10,76.26,,1.73239376,1.897627091,1.806179974,2.114811074,,3.287437331,3.600988578,3.42745605,4.013122787,3.262286098,3.129014916,3.81972941,
1.28,39.46,0.6,89.62,,1.742568034,1.970625777,1.737192643,2.157214922,,3.433949486,3.883365952,3.423356601,4.251063332,3.017838278,3.027176369,3.747497892,
0,2.5,0.83,19.48,,1.73239376,1.752048448,1.739018246,1.866169148,,3.035237798,3.069673764,3.046844218,3.269618758,3.02418446,3.012664357,3.245302198,
-6.27,34.47,-16.63,69.19,,1.678791434,1.946796027,1.572523098,2.090575455,,3.268264495,3.790014772,3.06138172,4.069923991,2.472828893,2.639938307,3.287478191,
0,25,-23.69,34.94,,1.73239376,1.897627091,1.481585936,1.949097125,,3.287437331,3.600988578,2.811497611,3.698659508,2.195096887,2.566690231,2.887754889,
0,13,-11.11,36.34,,1.73239376,1.826074803,1.632356046,1.955880086,,3.163480593,3.334549185,2.980804245,3.571583343,2.664586262,2.827883428,3.192692684,
0,0,28.12,22.65,,1.73239376,1.73239376,1.914448941,1.884512159,,3.001188139,3.001188139,3.316579398,3.264717105,3.665114747,3.316579398,3.607802307,
-10.68,8.63,-8.63,28.56,,1.636688448,1.796782412,1.656768779,1.916769684,,2.940773017,3.228427035,2.976853003,3.444018056,2.744882788,2.711614322,3.17564417,
0.68,38.64,-8.5,88.62,,1.737828506,1.966798546,1.658011397,2.154180432,,3.417958579,3.868296522,3.260974405,4.236838943,2.749001791,2.881339468,3.571655707,
0,39.99,-14.99,41.95,,1.73239376,1.97308165,1.59117595,1.982044979,,3.418154337,3.893051196,3.139520069,3.910736577,2.531840905,2.756543287,3.153782303,
0,45,-3.16,57.53,,1.73239376,1.995635195,1.706205542,2.047391702,,3.457225958,3.98255983,3.404963829,4.085846938,2.911137351,2.955819834,3.493271069,
0,34.96,3.68,107.53,,1.73239376,1.949194774,1.761025252,2.208253193,,3.376772864,3.799360268,3.432581218,4.304315584,3.101209937,3.050789157,3.888789635,
0,15.38,-0.41,43.73,,1.73239376,1.841234296,1.729083757,1.990027899,,3.189742804,3.390143731,3.183648313,3.664107616,2.989730639,2.995453911,3.440924916,
2.96,8.97,6,40.23,,1.755569981,1.799133693,1.77815125,1.974189191,,3.158505103,3.236882046,3.199131826,3.551830291,3.161821869,3.121668956,3.510406979,
4.23,30.37,-5.37,118.92,,1.76514679,1.926188049,1.68690427,2.237845227,,3.400004652,3.710200401,3.249294844,4.310510732,2.845646015,2.977633657,3.775030668,
0,30,5.17,82.1,,1.73239376,1.924279286,1.772101569,2.133858125,,3.333609427,3.702850771,3.410018343,4.10613899,3.140343972,3.0699777,3.781413332,
-10.69,13.63,11.37,37.04,,1.636588184,1.830139387,1.815378485,1.959232249,,2.995184496,3.349410177,3.322395668,3.585668108,3.295599044,2.971026977,3.556748072,
-7.13,40.91,-14.26,42.15,,1.670894954,1.977311973,1.599227863,1.982949289,,3.303880598,3.90976264,3.162172401,3.920909371,2.557529757,2.672141765,3.171187753,
-1.61,20.07,-0.09,32.49,,1.719248398,1.869642345,1.731669332,1.936965897,,3.214379607,3.495562497,3.23760231,3.621433461,2.998678675,2.977169725,3.354184441,
0,12.86,17.12,41.13,,1.73239376,1.825166372,1.851991748,1.978317497,,3.161906834,3.331232286,3.38019306,3.610758569,3.429873435,3.208378947,3.663827679,
11.2,10.15,26.81,45.01,,1.814247596,1.807196661,1.907465107,1.995679061,,3.278702197,3.26595977,3.447164571,3.606584534,3.638423134,3.460613984,3.806688172,
-1.29,50.33,-0.33,85.31,,1.721893016,2.018409207,1.729731595,2.143982292,,3.475484718,4.073975728,3.491306178,4.327433599,2.991971392,2.978412754,3.708513911,
0.37,35.13,-5.03,62.97,,1.735359333,1.950023907,1.689930104,2.06807449,,3.383992186,3.802593236,3.295404103,4.032794696,2.855863756,2.932635978,3.494901338,
-0.23,14.31,-4,43.69,,1.730540036,1.834484285,1.698970004,1.98985011,,3.174648502,3.365332593,3.116733774,3.650348756,2.886499076,2.940135613,3.380695649,
0.92,22.51,12.49,58.44,,1.739730529,1.883718202,1.822756333,2.050920837,,3.277162063,3.548394264,3.433559282,3.863356911,3.322440649,3.171104839,3.738328944,
-6.07,13.11,31.55,36.91,,1.680607429,1.826787239,1.932220014,1.958611658,,3.070112205,3.337151616,3.529754864,3.577966782,3.733474182,3.24730331,3.784468645,
2.92,35.6,-30.6,94.54,,1.755264891,1.95230801,1.369215857,2.17184342,,3.426817707,3.811506565,2.673131085,4.240107304,1.874752064,2.403336523,2.97372245,
4.31,30.37,12.95,108.32,,1.765743041,1.926188049,1.825750581,2.210372034,,3.401153144,3.710200401,3.51673895,4.257592196,3.333365185,3.223806384,4.035588026,
0,15,28.32,58.5,,1.73239376,1.838849091,1.915505362,2.051152522,,3.18561069,3.381365979,3.522325293,3.771759951,3.669160791,3.318409536,3.928993655,
-0.1,19.98,-18.18,45.49,,1.731588765,1.869114327,1.554125582,1.997779431,,3.236537369,3.493588367,2.90483839,3.734078156,2.415306323,2.691106397,3.10480012,
-0.26,50.01,-17.13,71.48,,1.730297662,2.017075096,1.566673138,2.09857451,,3.490140324,4.068591944,3.16009737,4.232982382,2.45446472,2.710810867,3.287780312,
-4.61,35.27,0.02,52.05,,1.693639026,1.950705535,1.73255458,2.025510673,,3.303791022,3.805252083,3.379703808,3.95117488,3.001745372,2.934322051,3.509307793,
-10.86,16.36,-14.56,34.79,,1.634880141,1.847325831,1.595936906,1.948364056,,3.020156314,3.412612725,2.948215471,3.599263248,2.547014609,2.609165554,3.109466104,
0.07,25.03,-10,52.93,,1.73295637,1.897791982,1.643452676,2.029099567,,3.288790703,3.601614407,3.118931312,3.850808888,2.7009367,2.848031784,3.334729114,
3.63,18.7,-3.32,50.87,,1.76064862,1.861534411,1.704836606,2.020651268,,3.277507991,3.465310363,3.173612007,3.761511868,2.906467854,3.001618217,3.44488025,
-3.55,45.49,-20.11,92.67,,1.702861171,1.997779431,1.530071569,2.166341292,,3.40194102,3.991122654,3.056745508,4.327872073,2.341119006,2.605499463,3.314657219,
0,35,5,98.8,,1.73239376,1.949390007,1.770852012,2.184123354,,3.377111083,3.800121398,3.452081215,4.25770824,3.135916847,3.067812975,3.867759236,
-11.2,17.5,-2.69,44.72,,1.631443769,1.854306042,1.710202015,1.994405147,,3.025196038,3.438450897,3.171237928,3.698237513,2.924790931,2.790098421,3.4108357,
0,44.99,-19.99,118.57,,1.73239376,1.995591324,1.531606632,2.236965299,,3.457149957,3.982384733,3.056460907,4.464068544,2.345818875,2.653345772,3.426150888,
1.04,34.89,0.18,72.88,,1.740678425,1.948852906,1.733839001,2.10339317,,3.392326208,3.79802765,3.378997175,4.099203892,3.00619768,3.018056141,3.646945112,
0,49.99,4.99,153.78,,1.73239376,2.016991578,1.770778396,2.317603742,,3.494223624,4.068255027,3.571645112,4.674587229,3.135656128,3.067685444,4.103962637,
0,30.01,9.99,47.5,,1.73239376,1.924330985,1.80611211,2.006466042,,3.33369899,3.703049739,3.475557495,3.861104775,3.262040954,3.128897349,3.623902618,
0,1.8,32.7,34.57,,1.73239376,1.746634199,1.938019097,1.947286645,,3.025858187,3.050731025,3.385010434,3.401197449,3.755918022,3.357412191,3.773878706,
0.26,54.98,-15.08,60.32,,1.734479789,2.037346804,1.590172832,2.058122216,,3.533736855,4.150781998,3.239733536,4.193108718,2.528649634,2.758122638,3.272770032,
0,10,-0.08,40.49,,1.73239376,1.806179974,1.731749884,1.975385849,,3.129014916,3.262286098,3.12785196,3.567902361,2.998957659,3.000072692,3.420874214,
0,3.37,16.63,35.45,,1.73239376,1.75868485,1.848989206,1.951580345,,3.046734659,3.092972401,3.251789305,3.432214786,3.418761085,3.203177363,3.608450993,
3.31,40.47,7.58,76.71,,1.758230408,1.975293915,1.789439685,2.116308815,,3.473021828,3.901786052,3.534669321,4.180331925,3.202094385,3.146247268,3.787006978,
-0.24,19.98,-10.15,73.14,,1.73045926,1.869114327,1.641969598,2.104282207,,3.234426195,3.493588367,3.0690289,3.933144021,2.69606416,2.841361495,3.455167409,
-1.08,25.46,15.02,54.09,,1.723619836,1.900148561,1.838974955,2.033785517,,3.27513375,3.610564553,3.494325614,3.864494623,3.381828885,3.169693709,3.740080629,
9,61.44,-0.14,113.88,,1.799340549,2.062356318,1.731266349,2.224998961,,3.710881351,4.253313583,3.570488093,4.588740664,2.997283171,3.115137744,3.852065827,
0,20,-16.63,56.93,,1.73239376,1.86923172,1.572523098,2.045049013,,3.238245367,3.494027222,2.939410055,3.822670483,2.472828893,2.724229202,3.215886809,
-3.59,33.01,3.25,53.95,,1.702516697,1.939569169,1.757775491,2.033222647,,3.302148895,3.76192856,3.409327148,3.943575958,3.089774677,2.992642124,3.573948936,
10.69,13.64,24.26,72.66,,1.810837151,1.830203599,1.893539844,2.102639484,,3.314200671,3.349645214,3.465563436,3.84825835,3.585493139,3.428892296,3.981431639,
0,24.99,34.97,50.58,,1.73239376,1.897572114,1.949243591,2.019448637,,3.287342089,3.600779927,3.698830281,3.83204942,3.799550575,3.376857433,3.936397313,
-9.01,40.27,-21.5,64.53,,1.653115993,1.974373507,1.511883361,2.073828284,,3.263868421,3.898150745,2.985022454,4.094511623,2.285791297,2.499318564,3.135386477,
6.35,39.51,-4.51,118.66,,1.780677274,1.970858057,1.694517454,2.237191737,,3.509462153,3.884281481,3.339653377,4.409187359,2.871389401,3.017388721,3.790960445,
0.02,5,-5,44.88,,1.73255458,1.770852012,1.69019608,1.995108458,,3.068097763,3.135916847,2.993087128,3.533041826,2.856762789,2.928356959,3.372124495,
0,14.25,-14.25,59.54,,1.73239376,1.834102656,1.599337133,2.05514889,,3.177387996,3.363932552,2.933348483,3.769354037,2.557879265,2.770681669,3.286875933,
7.21,40.48,-4.57,64.12,,1.786822379,1.975339885,1.69399061,2.072323438,,3.529581513,3.90196766,3.346207217,4.093543141,2.869604188,3.026860333,3.510496446,
-5.86,27.19,-7.21,48.79,,1.682506086,1.909502541,1.670153045,2.011950866,,3.212749647,3.646199956,3.189161484,3.841825292,2.789411194,2.810042663,3.360265866,
7.28,28.38,-19.38,61.98,,1.787318757,1.915821788,1.539327064,2.064383104,,3.424184215,3.670373122,2.949076327,3.954990129,2.369527809,2.751268133,3.177760782,
-0.29,11.85,-3.24,25.99,,1.730055152,1.818555779,1.705521613,1.903035697,,3.146201796,3.307145122,3.101586187,3.460776565,2.908803974,2.950646455,3.245668512,
0,26.4,2.4,44.28,,1.73239376,1.905256049,1.751279104,1.992465148,,3.30065369,3.630000611,3.336635106,3.796156275,3.0669785,3.033904991,3.489362579,
9.04,26.23,19.26,43.36,,1.799616204,1.904336792,1.864866914,1.988380565,,3.42707535,3.626498618,3.551334678,3.786546267,3.477728608,3.356044718,3.708065129,
4.63,45.4,-22.53,92.64,,1.768119894,1.997386384,1.497896743,2.166252452,,3.531618603,3.989552369,2.99187856,4.326843153,2.243694652,2.648461031,3.244822492,
-0.26,29.98,-17.12,80.89,,1.730297662,1.92417587,1.566790912,2.129979755,,3.32939701,3.70245278,3.014781267,4.098455648,2.454833763,2.711014653,3.337232923,
0.73,55.25,0.05,122.1,,1.738225448,2.038421446,1.732795698,2.245759356,,3.543236031,4.15516199,3.532167912,4.577804033,3.002580932,3.011989579,3.891442151,
6.42,28.19,-3.2,67.2,,1.781180721,1.91481898,1.705863712,2.08350262,,3.410638652,3.666531728,3.266420214,3.989530362,2.909971005,3.038451557,3.554171514,
0,12.27,16.88,32.6,,1.73239376,1.821316971,1.850523709,1.937517892,,3.155238155,3.317195507,3.370390235,3.528834218,3.424437997,3.205835726,3.585422796,
-4.46,14.51,11.79,72.25,,1.694956002,1.835753968,1.818159886,2.101231387,,3.111522206,3.369992629,3.337694225,3.857343855,3.305705373,3.081701012,3.82037462,
-0.17,24.49,3.42,73.03,,1.73102438,1.894814329,1.759063188,2.103906298,,3.279969799,3.590321342,3.333098135,3.986511801,3.0943033,3.044981264,3.70090412,
0,27.83,10.41,50.85,,1.73239376,1.912912551,1.808953299,2.020568435,,3.313917767,3.659234428,3.46036947,3.865170719,3.272312039,3.133819407,3.655113936,
-1.33,47.94,-2.94,62.35,,1.721563318,2.008344629,1.70808081,2.065766388,,3.457492444,4.03344815,3.430414922,4.14877083,2.917540055,2.940569268,3.528495926,
-3.92,23.47,11.92,34.52,,1.69966432,1.889133556,1.819017199,1.947041405,,3.210892901,3.568825592,3.436366429,3.678221254,3.308823569,3.09171863,3.541701803,
0,19.99,-4.53,64.6,,1.73239376,1.869173027,1.69434191,2.074084689,,3.238143689,3.493807806,3.167018198,3.876823157,2.870794509,2.935267353,3.514208614,
0.14,34.97,-4.95,44.56,,1.733518251,1.949243591,1.690639012,1.993700695,,3.379049341,3.799550575,3.295467258,3.886208301,2.858260268,2.930753583,3.370628172,
0,0,15.04,33.25,,1.73239376,1.73239376,1.839100783,1.940765436,,3.001188139,3.001188139,3.18604672,3.36216993,3.382291689,3.18604672,3.569263232,
6.27,34.46,0.54,79.64,,1.780101191,1.946746935,1.736715134,2.125936467,,3.465406539,3.789823629,3.380944863,4.138660301,3.016179455,3.091528679,3.692146035,
5.27,16.11,-1.11,64.2,,1.772834927,1.845779967,1.723373567,2.072617477,,3.272263194,3.406903687,3.180968406,3.825595818,2.970016451,3.055256852,3.571894174,
4,29.54,0.08,37.59,,1.763427994,1.921894471,1.733036683,1.961848059,,3.389122511,3.693678357,3.330713619,3.770464937,3.003416144,3.056085401,3.399954653,
-7.89,31.31,3.17,57.11,,1.663795122,1.930999942,1.757168192,2.045753148,,3.212788284,3.728760776,3.393091677,3.950349209,3.087640056,2.923567867,3.59473236,
0.2,32.15,-2.01,60.82,,1.733999287,1.935255282,1.715919817,2.060017543,,3.355731278,3.745213006,3.32074289,3.98665983,2.94438082,2.975403739,3.534824925,
-6.9,25.89,-0.86,56.15,,1.673020907,1.902492421,1.72542155,2.041984501,,3.182909596,3.619477413,3.282601422,3.884860038,2.977079525,2.886666327,3.523284064,
-0.06,8.5,-8.5,38.32,,1.731910942,1.795880017,1.658011397,1.965295796,,3.110304253,3.225185037,2.977589536,3.529435448,2.749001791,2.87152808,3.258482827,
7.3,58.18,-24.55,68.94,,1.787460475,2.049915436,1.469085299,2.089693209,,3.664142817,4.202153293,3.011500631,4.283694365,2.158211616,2.625931906,3.069937573,
0,10,-10,48.28,,1.73239376,1.806179974,1.643452676,2.009790719,,3.129014916,3.262286098,2.968371312,3.630043749,2.7009367,2.847107161,3.302995937,
-1.61,40.08,-13.68,92.65,,1.719248398,1.973497309,1.605520523,2.166282067,,3.392932087,3.894691628,3.168490432,4.27515183,2.577696151,2.760288589,3.478010319,
-1.66,20.18,9.8,42.33,,1.718833718,1.870286829,1.804820679,1.98376156,,3.214712065,3.497972823,3.375532344,3.710203118,3.257377682,3.102186638,3.580333886,
0.15,34.17,4.07,65.62,,1.733598461,1.945320841,1.763951826,2.077803798,,3.372405216,3.784273174,3.431452249,4.041995031,3.111526045,3.057984171,3.665145804,
0,40,-30.53,85.01,,1.73239376,1.973127854,1.37051309,2.143046043,,3.418234381,3.893233527,2.704197551,4.22850384,1.878306129,2.374268324,2.937072654,
0,40,-16.53,61.96,,1.73239376,1.973127854,1.573683693,2.064308207,,3.418234381,3.893233527,3.105079128,4.073144021,2.476480366,2.72623981,3.248568162,
5.88,44.13,-0.16,168.69,,1.777281792,1.991801799,1.731105051,2.347700715,,3.53999307,3.967274406,3.448018155,4.676154508,2.996724698,3.076661487,4.064116567,
0.79,42.92,-19.28,47.44,,1.7387013,1.986413405,1.540579717,2.006209241,,3.453779571,3.945838217,3.060228201,3.98516093,2.373385863,2.678607957,3.090725263,
0,25,14.47,58.95,,1.73239376,1.897627091,1.835500328,2.052886235,,3.287437331,3.600988578,3.483095148,3.895612535,3.369061454,3.179809314,3.768073358,
3.96,51.83,-19.82,107.63,,1.763128377,2.024608796,1.533772058,2.208521973,,3.56964522,4.099040777,3.105288401,4.471393013,2.352456727,2.70423704,3.387369292,
-9.15,37.55,-2.18,50.61,,1.651762447,1.961658349,1.714497409,2.019573202,,3.240193595,3.848103477,3.363258155,3.961712633,2.939501364,2.831942436,3.462553022,
-0.83,29.72,-2.52,48.92,,1.72566666,1.92282922,1.711638538,2.012499778,,3.318162278,3.697272208,3.291188595,3.869693377,2.929706486,2.95371756,3.444672177,
0,6,12.21,34.56,,1.73239376,1.77815125,1.820923588,1.947237608,,3.08045813,3.161821869,3.237877555,3.462482987,3.315762713,3.154556661,3.545770891,
0,1.8,32.7,42.99,,1.73239376,1.746634199,1.938019097,1.986726959,,3.025858187,3.050731025,3.385010434,3.470085251,3.755918022,3.357412191,3.850314789,
0,19.98,15.02,66.23,,1.73239376,1.869114327,1.838974955,2.080012847,,3.238041996,3.493588367,3.437254435,3.887781813,3.381828885,3.185828736,3.825091532,
0,30,5.89,56,,1.73239376,1.924279286,1.777354313,2.041392685,,3.333609427,3.702850771,3.420126089,3.928209659,3.158988354,3.079077521,3.628278094,
-0.19,34.98,-9.97,76.94,,1.730862992,1.949292401,1.643748685,2.117072337,,3.373958078,3.799740866,3.204146822,4.126793019,2.701909741,2.845103768,3.47993487,
-3.32,31.67,-19.27,70.67,,1.704836606,1.932828767,1.540704783,2.095761959,,3.295157235,3.735827042,2.977918526,4.050749004,2.373771229,2.626649914,3.228950476,
-0.02,39.99,15.26,105.24,,1.73223288,1.97308165,1.840482487,2.202052169,,3.417836909,3.893051196,3.631422222,4.344828726,3.387375786,3.18814428,4.052838453,
-0.11,33.04,3.33,56.2,,1.731508184,1.939718882,1.758381942,2.042181595,,3.358639119,3.762509343,3.410766655,3.9612582,3.091907053,3.044652722,3.590935238,
-0.24,39.97,-14.97,66.1,,1.73045926,1.972989227,1.591398551,2.079543007,,3.414177478,3.892686489,3.139812197,4.10291595,2.532549349,2.753850359,3.309381729,
-1.3,25.3,19.7,73.35,,1.721810615,1.899273187,1.867467488,2.104998949,,3.270188735,3.60723864,3.546830928,3.997968064,3.487434818,3.215425344,3.9310171,
-1.94,30.74,-7.24,57.07,,1.716504164,1.92808846,1.669874502,2.045596772,,3.309571869,3.717525108,3.219665757,3.944091529,2.788480854,2.866346537,3.415889892,
4.27,17.9,0.76,54.11,,1.765445018,1.85672889,1.738463439,2.033865867,,3.277952769,3.447442172,3.227855293,3.776337515,3.02225513,3.069161618,3.535801451,
-6.66,33.77,-13.79,58.06,,1.675228254,1.943346098,1.604334073,2.049450618,,3.25554829,3.776594058,3.117776361,3.982791863,2.573887818,2.687625767,3.288003458,
0.03,50,-8.69,72.71,,1.732634968,2.017033339,1.656194062,2.102810891,,3.494782494,4.068423492,3.34059864,4.241439673,2.742978772,2.869579745,3.482662911,
6.27,29.46,-3.1,67.29,,1.780101191,1.92147838,1.706717782,2.083824996,,3.420425954,3.692079166,3.27942132,4.004024678,2.912885589,3.038130358,3.556501176,
0,10,-10,33.71,,1.73239376,1.806179974,1.643452676,1.943049111,,3.129014916,3.262286098,2.968371312,3.509496393,2.7009367,2.847107161,3.193309262,
-0.38,20.01,14.99,70.88,,1.72932681,1.869290404,1.838786145,2.09649289,,3.232614011,3.494246615,3.437225296,3.918954042,3.381134487,3.179862178,3.855002079,
6.34,39.48,-14.49,65.58,,1.780605306,1.970718704,1.59670703,2.077658549,,3.50907218,3.883732209,3.146660408,4.094480563,2.549473339,2.843105009,3.317412011,
3.09,27.76,-26.18,50.72,,1.756560043,1.912540883,1.444357126,2.020029634,,3.359492895,3.657812628,2.762392052,3.863389259,2.086167506,2.537100015,2.917644195,
-2.03,14.81,24.67,52.13,,1.715752717,1.837651558,1.89580915,2.025838164,,3.152955653,3.376963248,3.483836638,3.722784658,3.594092334,3.2527397,3.840602529,
-4.09,46.31,3.69,100.52,,1.69818757,2.00134423,1.761100539,2.188984699,,3.398657895,4.005378729,3.524568403,4.380911899,3.101475108,2.990679045,3.855022134,
0,14.67,-2.55,49.18,,1.73239376,1.836767047,1.711385379,2.013595524,,3.182003771,3.373713186,3.14341627,3.698505904,2.928839916,2.964793351,3.446037938,
5.66,19.96,35.34,147.06,,1.775683249,1.868996902,1.951045948,2.303325678,,3.318746492,3.493149422,3.646498834,4.304908558,3.806580292,3.464439608,4.493894232,
0.07,24.49,-21.99,65.7,,1.73295637,1.894814329,1.505285674,2.07809415,,3.283630561,3.590321342,2.852236865,3.937602573,2.265884961,2.608594397,3.128125354,
-1.76,32.83,1.88,48.86,,1.718003168,1.938669801,1.747256397,2.01224652,,3.33064086,3.758440597,3.387353212,3.901081561,3.052904918,3.001792027,3.515910605,
0.13,30,-18.25,57.97,,1.733438027,1.924279286,1.553276046,2.049101678,,3.335618889,3.702850771,2.988936921,3.943043914,2.412666476,2.692507765,3.182820553,
-4.75,40.59,-3.04,56.52,,1.692406235,1.975845225,1.707229419,2.043440876,,3.343932779,3.903964355,3.373221097,4.037522899,2.91463229,2.889325714,3.488622381,
4.41,50.09,-30.46,83.24,,1.766487206,2.017409009,1.371806459,2.137480709,,3.563727203,4.069939108,2.767494707,4.312172839,1.88185296,2.423278558,2.932209842,
6.27,9.47,0.53,50.9,,1.780101191,1.802568498,1.736635498,2.020775488,,3.208754332,3.249253191,3.130404441,3.642586237,3.015902852,3.091386919,3.509350446,
8.34,33.36,-18.55,69.03,,1.794766798,1.941312625,1.54961624,2.090011024,,3.484203444,3.768694709,3.00828957,4.057364788,2.40131049,2.781199776,3.238715024,
-0.96,19.58,1.18,49.2,,1.724603515,1.866759783,1.741781696,2.013679697,,3.219420485,3.484792089,3.251488022,3.759056276,3.033803477,3.003882836,3.507390439,
0.56,30.01,1.22,98.47,,1.736874362,1.924330985,1.742096402,2.1831844,,3.342321151,3.703049739,3.352370085,4.201169387,3.034899875,3.025802577,3.803317689,
-0.84,29.12,0.9,49.02,,1.725584972,1.919705535,1.739572344,2.012921546,,3.312615022,3.685269339,3.339466657,3.864216632,3.026111942,3.001779896,3.501622652,
4.32,19.63,-9.63,45.48,,1.765817515,1.8670548,1.647089429,1.997735777,,3.296878069,3.485893628,3.075206225,3.729882172,2.712903586,2.908459363,3.290449479,
-2.44,28.24,18.21,61.01,,1.712312909,1.915083102,1.858597345,2.060735603,,3.279221516,3.667543286,3.559368368,3.946479931,3.454384091,3.182500226,3.830077721,
0,9.19,20.74,38.24,,1.73239376,1.800648355,1.873553094,1.964919294,,3.119431974,3.2423345,3.373610297,3.538128696,3.510201194,3.245731688,3.681380622,
2.27,13.21,15.99,57.67,,1.750276915,1.827433895,1.845035994,2.047936516,,3.198515361,3.339514642,3.371681313,3.742468605,3.404157817,3.229323907,3.778516585,
0,0,26.36,38.46,,1.73239376,1.73239376,1.905039928,1.965953889,,3.001188139,3.001188139,3.300279284,3.40580625,3.629177128,3.300279284,3.745220655,
0,9.83,-2.16,49.38,,1.73239376,1.805024844,1.714664993,2.014436528,,3.127013777,3.258114689,3.095012912,3.63610798,2.940076038,2.970474934,3.454083795,
8.59,43.33,-43.33,45.36,,1.796504952,1.988246723,1.028164419,1.997211583,,3.571895083,3.953125033,2.044244538,3.970949385,1.057122073,1.847102471,2.053461888,
0.23,59.93,-16.6,53.47,,1.734239604,2.056638097,1.572871602,2.031287249,,3.56670324,4.229760264,3.234827659,4.177622743,2.473925077,2.727736225,3.19495403,
4.4,39.62,-19.64,91.6,,1.766412847,1.971368637,1.536053155,2.163161375,,3.482250886,3.886294302,3.028127015,4.264388491,2.359459295,2.713304027,3.322730855,
10.37,28.78,26.22,49.17,,1.808683509,1.917925422,1.904282658,2.013553431,,3.468920083,3.678437925,3.65227212,3.861845313,3.62629244,3.44424464,3.834374878,
0.25,44.98,-41.65,75.61,,1.734399743,1.995547449,1.091666958,2.112638511,,3.461076983,3.982209623,2.178473213,4.215870392,1.191736746,1.89338689,2.306297655,
0,10,-10,47.76,,1.73239376,1.806179974,1.643452676,2.007577098,,3.129014916,3.262286098,2.968371312,3.626045551,2.7009367,2.847107161,3.299357955,
0,33.89,-4.26,83.8,,1.73239376,1.943939464,1.696705781,2.139249218,,3.367668598,3.778900642,3.298293327,4.158570978,2.878810507,2.939362507,3.629676514,
2.49,51.2,-27.73,82.37,,1.751971575,2.02201574,1.419460073,2.134718841,,3.5425141,4.088547652,2.870170609,4.316435096,2.014866898,2.486853699,3.030148161,
0,25,4.2,98.01,,1.73239376,1.897627091,1.764922985,2.181872159,,3.287437331,3.600988578,3.34916567,4.140379719,3.114953142,3.057541565,3.850836323,
3.78,30.55,5.2,61.72,,1.761777538,1.927113612,1.772321707,2.063408425,,3.395145474,3.713766873,3.415465286,3.976422463,3.141124232,3.122436572,3.657023541,
-1.43,18.78,11.22,55.29,,1.720737977,1.862012051,1.814380794,2.038580426,,3.20403485,3.467088879,3.378398905,3.795861321,3.291977667,3.122073938,3.698761173,
0,1.17,38.83,24.52,,1.73239376,1.741702984,1.96768835,1.894980291,,3.017315381,3.033529284,3.427128671,3.300492827,3.871797445,3.40881102,3.728730643,
-10.74,37.5,-14.03,73.75,,1.636086515,1.961421094,1.601734148,2.106360909,,3.209054602,3.847172708,3.141675145,4.131460718,2.565552282,2.620575641,3.373830196,
5.62,39.24,2.07,68.74,,1.775391972,1.969602265,1.748730556,2.088986119,,3.496816048,3.879333082,3.444303664,4.114471791,3.058058558,3.10468219,3.653073857,
-0.08,45.63,-6.12,51.47,,1.731749884,1.99839013,1.680154142,2.023128946,,3.460711875,3.993563113,3.357603454,4.043000918,2.82291794,2.909606739,3.399168478,
0.26,40.01,-0.5,40.55,,1.734479789,1.973174053,1.728353782,1.975661533,,3.422430515,3.893415842,3.410342837,3.898324074,2.987206796,2.997794704,3.414642083,
6.91,19.08,17.22,54.87,,1.7846886,1.863798539,1.852601969,2.036908223,,3.326300004,3.473744993,3.452876843,3.796386569,3.432134057,3.306317614,3.773580185,
-4.24,22.62,2.28,37.76,,1.696880372,1.884342148,1.750354089,1.962653405,,3.197503204,3.550745329,3.298265983,3.698310532,3.063739436,2.970141497,3.435338412,
-11.2,14.35,31.14,40.61,,1.631443769,1.834738519,1.930133646,1.975937042,,2.993272724,3.366265433,3.541290547,3.625327803,3.725415891,3.14890451,3.813822568,
0,0,15.03,25.94,,1.73239376,1.73239376,1.839037873,1.902764144,,3.001188139,3.001188139,3.185937736,3.296336729,3.3820603,3.185937736,3.499255325,
-9.16,1.73,13.81,29.08,,1.651665604,1.746089043,1.831293744,1.919496488,,2.883955214,3.048826946,3.197601942,3.351611786,3.353636778,3.024684888,3.515161911,
0,8.7,1.62,32.19,,1.73239376,1.797267541,1.745230985,1.935456881,,3.113575072,3.230170613,3.136647,3.478533828,3.045831189,3.023427267,3.377819317,
-11.2,13.94,-13.94,41.19,,1.631443769,1.832125543,1.602710945,1.978591327,,2.9890098,3.356684004,2.93636766,3.625027708,2.568682373,2.614732785,3.171109975,
1.64,14.92,3.29,64.3,,1.745387121,1.838345269,1.758078822,2.072984745,,3.208624157,3.379513327,3.231955885,3.810861698,3.090841145,3.068528135,3.644470578,
-0.82,65.07,-28.77,58.07,,1.725748333,2.075802354,1.401917251,2.049489372,,3.582312451,4.308955411,2.910103128,4.254334862,1.965371977,2.419356358,2.873214505,
0,0,38.05,41.53,,1.73239376,1.73239376,1.964023793,1.980139778,,3.001188139,3.001188139,3.402462563,3.430381795,3.857389459,3.402462563,3.889041637,
0.94,40.16,-38.59,69.16,,1.739888655,1.97386645,1.187802639,2.09046968,,3.434307843,3.896148762,2.344563778,4.126307966,1.410875109,2.066644336,2.483065402,
-6.33,1.58,7.05,22.44,,1.678245152,1.744918542,1.785685668,1.883320678,,2.928401084,3.04474072,3.115876034,3.286241173,3.188673306,2.996818316,3.363018744,
0,10.31,-2.01,58.35,,1.73239376,1.80827851,1.715919817,2.050573077,,3.132650406,3.269871168,3.10286093,3.708007227,2.94438082,2.972648784,3.518618979,
-0.1,24.95,-0.04,39.34,,1.731588765,1.897352134,1.732071941,1.970067797,,3.285433639,3.599945122,3.286350394,3.737912339,3.000073209,2.999236314,3.412299152,
0.03,28.99,10.06,46.96,,1.732634968,1.919025765,1.806586934,2.004149342,,3.324971143,3.682659885,3.466886873,3.846014223,3.263756351,3.130155694,3.620670016,
4.63,25.57,-16.38,104.91,,1.768119894,1.900749358,1.575418791,2.201151228,,3.360752754,3.612848122,2.994476256,4.183836783,2.481944368,2.785529306,3.467735006,
0,25,10,44.9,,1.73239376,1.897627091,1.806179974,1.995196292,,3.287437331,3.600988578,3.42745605,3.786138535,3.262286098,3.129014916,3.603683586,
10.68,33.63,-24.58,54.97,,1.810770011,1.942652812,1.468642668,2.037306951,,3.517697454,3.773899947,2.853062809,3.957780076,2.156911287,2.659374101,2.992075917,
-5.52,30.98,-15.95,66.21,,1.685562611,1.929316727,1.580354661,2.079940597,,3.25198414,3.722263032,3.049004682,4.012864185,2.497520855,2.663786729,3.287043818,
0.27,25.02,-5.04,38.38,,1.734559822,1.897737025,1.689841409,1.965577958,,3.291738396,3.601405817,3.206874609,3.730150067,2.855563988,2.931131013,3.321515026,
-2.03,15.1,4.88,44.5,,1.715752717,1.839478047,1.769967801,1.99343623,,3.156089457,3.383679487,3.255816915,3.666882185,3.132786018,3.036827064,3.528317942,
0,30,13.32,92,,1.73239376,1.924279286,1.828144107,2.164352856,,3.333609427,3.702850771,3.517859838,4.164819368,3.342110877,3.167065444,3.956748919,
0,50.37,-15.38,70.09,,1.73239376,2.018575683,1.586812269,2.093736785,,3.496967918,4.07464779,3.203100661,4.226366161,2.517973178,2.748983674,3.322367219,
-3.58,45.94,-22.47,71.39,,1.702602841,1.999739345,1.498723971,2.098262902,,3.404761891,3.998957448,2.997057292,4.195978882,2.24617354,2.551731691,3.144716909,
0,1.13,30.79,26.5,,1.73239376,1.741387992,1.928344635,1.90579588,,3.016769692,3.03243214,3.357996193,3.318730062,3.718513032,3.340652213,3.675031262,
8.87,17.08,-1.7,49.26,,1.79844346,1.851747419,1.718501689,2.013932121,,3.330263036,3.428968504,3.182231067,3.729293607,2.953248055,3.090628124,3.460945751,
-11.2,37.96,-7.96,72.98,,1.631443769,1.963598963,1.663135315,2.103735323,,3.203501292,3.855720886,3.265730779,4.130892497,2.766019076,2.713311747,3.498796509,
-1.62,39.54,-9.52,50.09,,1.719165494,1.970997366,1.648164779,2.017409009,,3.38847066,3.884830615,3.248528437,3.976307841,2.716447137,2.833468016,3.325022472,
11.2,52.52,-52.52,99.54,,1.814247596,2.027431158,0.170261715,2.186221536,,3.678262103,4.110477099,0.345193907,4.43241366,0.028989052,0.308896908,0.372229829,
0.74,30.02,-30.02,51.84,,1.738304793,1.924382677,1.379849179,2.024649831,,3.345163631,3.703248688,2.655357857,3.896201063,1.903983756,2.398598441,2.793711407,
0.18,44.98,-1.87,81.26,,1.733839001,1.995547449,1.717087725,2.131169383,,3.459957996,3.982209623,3.42653003,4.252849627,2.948390255,2.977153665,3.659404787,
1.28,39.94,5.06,51.53,,1.742568034,1.972850556,1.771293443,2.023375938,,3.437826315,3.892139316,3.494497253,3.991818344,3.13748046,3.086599333,3.583992531,
0,10,2.72,33.24,,1.73239376,1.806179974,1.753736222,1.940715657,,3.129014916,3.262286098,3.167563244,3.505281755,3.075590737,3.038161688,3.403503344,
1.95,14.91,5.85,36.05,,1.747800091,1.83828225,1.777064155,1.954483717,,3.212949883,3.37928163,3.266745493,3.592892725,3.15795701,3.105952891,3.473242955,
-2.81,37.81,-10.12,36.23,,1.70918513,1.962889987,1.642266619,1.955350957,,3.354942377,3.852937103,3.223588703,3.838138816,2.697039648,2.806937684,3.211207606,
0,35,-10.58,85.69,,1.73239376,1.949390007,1.637689819,2.145165317,,3.377111083,3.800121398,3.192496167,4.181763832,2.682027944,2.837123623,3.513115401,
-0.63,56.43,-35.67,65.63,,1.727297203,2.043087072,1.263162465,2.077840103,,3.529018585,4.174204784,2.580750902,4.245208252,1.595579413,2.181856992,2.624649626,
0,40,-35.42,115.65,,1.73239376,1.973127854,1.26904571,2.229553864,,3.418234381,3.893233527,2.503989437,4.39919483,1.610477013,2.198486868,2.829405766,
-0.16,21.34,-5.66,58.2,,1.731105051,1.877025616,1.684306646,2.049992857,,3.249328525,3.523225163,3.16148672,3.847889105,2.836888878,2.915711743,3.452816593,
0,12.34,7.98,38.92,,1.73239376,1.821775467,1.792251572,1.968109201,,3.156032451,3.318865853,3.265079945,3.585453059,3.212165697,3.104885439,3.527346809,
0,15,4.98,47,,1.73239376,1.838849091,1.770704768,2.004321374,,3.18561069,3.381365979,3.256058853,3.685644536,3.135395376,3.067557891,3.549061414,
0.23,19.95,-7.55,39.7,,1.734239604,1.868938178,1.666985718,1.971739591,,3.241186607,3.492929914,3.115493252,3.685059399,2.778841385,2.890952653,3.286861738,
0,15.68,42.5,64.93,,1.73239376,1.843108142,1.984527313,2.075291419,,3.192989044,3.397047623,3.657698449,3.824986511,3.938348657,3.437982734,4.118472504,
0,0,1.8,13.51,,1.73239376,1.73239376,1.746634199,1.829368108,,3.001188139,3.001188139,3.025858187,3.169185895,3.050731025,3.025858187,3.1952369,
-6.59,46.28,-25.32,60.9,,1.675869955,2.001214325,1.457579147,2.060320029,,3.353774962,4.004858776,2.916928269,4.123141956,2.12453697,2.4427131,3.00307951,
6.83,27.52,20.44,35.64,,1.784117816,1.911264171,1.871806364,1.952501848,,3.409920459,3.652930731,3.577516439,3.731746826,3.503659066,3.339523084,3.654705385,
-11.2,12.26,7.7,23.6,,1.631443769,1.821251432,1.790285164,1.889861721,,2.9712693,3.316956777,3.260559418,3.441913365,3.205120969,2.920749576,3.383391402,
0.13,24.96,11.04,35.13,,1.733438027,1.89740714,1.813180533,1.950023907,,3.289037689,3.600153854,3.440341688,3.699989283,3.287623644,3.143036085,3.535745385,
11.2,29.95,-0.38,40,,1.814247596,1.9240207,1.72932681,1.973127854,,3.49064993,3.701855656,3.32726058,3.796338835,2.990571215,3.137427007,3.412182896,
0.21,14.21,7.64,32.44,,1.734079407,1.83384805,1.78986263,1.936714758,,3.180038139,3.362998669,3.282336093,3.551640582,3.203608234,3.103763929,3.466453371,
0,35,-13.77,51.64,,1.73239376,1.949390007,1.604550033,2.023828393,,3.377111083,3.800121398,3.127893799,3.945230844,2.574580807,2.779712464,3.247333913,
5.64,39.05,2.3,67.43,,1.775537635,1.968716377,1.750508395,2.084325995,,3.49553002,3.875844175,3.446254546,4.103446722,3.06427964,3.108093535,3.648630152,
2.06,35.1,-4.27,151.81,,1.748653093,1.949877704,1.696618459,2.313466473,,3.409659679,3.802023061,3.308198506,4.510976694,2.878514196,2.966797117,3.925069922,
-4.09,29.62,0.39,65.88,,1.69818757,1.922310163,1.735519059,2.078746734,,3.264443225,3.695276364,3.336205925,3.995995974,3.012026404,2.947236893,3.607704576,
-1.89,46.76,-1.27,81.91,,1.716921073,2.003288159,1.722057771,2.133251412,,3.439487656,4.013163447,3.449777942,4.273517294,2.965482968,2.956637277,3.673582173,
1.6,38.44,-0.62,53.99,,1.745074792,1.965859937,1.727378569,2.033383541,,3.43057262,3.864605291,3.395784325,3.99734724,2.983836722,3.014404797,3.512423152,
11.2,24.32,-5.59,44.87,,1.814247596,1.893872679,1.684935083,1.995064534,,3.435953954,3.586753723,3.191052519,3.778398214,2.839006233,3.056889423,3.361554226,
9.56,20.27,7.85,52.96,,1.803183889,1.870813424,1.791339704,2.029221394,,3.373420624,3.499942867,3.351262365,3.796294624,3.208897935,3.230114893,3.635024852,
10.87,8.65,16.34,57.05,,1.812043898,1.796921075,1.847202364,2.045518563,,3.25609987,3.228925351,3.319276858,3.675635416,3.412156573,3.347211772,3.778486725,
2.81,20.73,-10.73,51.4,,1.754424789,1.873494982,1.636186895,2.022840611,,3.286906039,3.509983449,3.065387938,3.789781734,2.677107556,2.870566849,3.309745299,
-1.74,42.61,-12.64,86.92,,1.718169405,1.985022082,1.61658053,2.148972635,,3.410604211,3.940312666,3.20894805,4.265758133,2.61333261,2.777559208,3.473987321,
3.88,29.33,5.67,106.55,,1.762528522,1.920801382,1.775756038,2.20561031,,3.385467221,3.689477948,3.410874651,4.236539331,3.153309506,3.129820666,3.916625825,
0,19.63,4.86,73.3,,1.73239376,1.8670548,1.769820258,2.104828404,,3.234474086,3.485893628,3.304351408,3.929829975,3.132263745,3.066025571,3.725167948,
0,30,-5.01,83.44,,1.73239376,1.924279286,1.690107439,2.138113146,,3.333609427,3.702850771,3.252238737,4.114326839,2.856463157,2.927931582,3.613640935,
0,32.01,-12.01,80.54,,1.73239376,1.934548948,1.623145875,2.128851423,,3.351400525,3.742479631,3.140055144,4.118367281,2.63460253,2.811927785,3.455436406,
-3.39,29.05,-26.65,97.18,,1.704236337,1.919339637,1.436957331,2.179494341,,3.271008353,3.683864641,2.758009161,4.183189877,2.06484637,2.448914898,3.13184037,
0,17.17,32.92,32.38,,1.73239376,1.852296966,1.939119718,1.9364132,,3.208907705,3.43100405,3.591825569,3.586812294,3.760185279,3.359318898,3.754937017,
-0.27,30.01,2.76,65.04,,1.730216841,1.924330985,1.754042387,2.075692918,,3.329509877,3.703049739,3.375358113,3.994320197,3.076664695,3.034873677,3.64085336,
0.87,30.28,4.72,101.21,,1.73933496,1.925724527,1.768786047,2.190919699,,3.349479993,3.708414954,3.406194673,4.219107801,3.12860408,3.076511408,3.875268193,
-5.79,36.06,-13.25,73.3,,1.683137131,1.954531943,1.610127613,2.104828404,,3.289745287,3.820195115,3.147045851,4.113954349,2.59251093,2.710065572,3.389042334,
10.24,38.66,1.34,47.45,,1.807805532,1.966892296,1.743039155,2.006252051,,3.555758774,3.868665304,3.428370285,3.946081703,3.038185495,3.151075827,3.49697588,
4.49,45.39,-10.91,91.98,,1.767081621,1.997342691,1.634376494,2.164293359,,3.52946756,3.989377824,3.264409944,4.322835522,2.671186524,2.888076665,3.537270193,
11.2,18.69,-18.69,78.02,,1.814247596,1.861474669,1.547897718,2.120639728,,3.377175942,3.465087943,2.881372391,3.947517136,2.395987344,2.808269713,3.282533395,
0.28,34.92,-0.71,85.77,,1.734639839,1.948999454,1.72664572,2.145413965,,3.380812099,3.798598872,3.365231566,4.181410647,2.981305443,2.995108454,3.704369841,
0,29.99,7.53,94.37,,1.73239376,1.924227581,1.789086915,2.171346097,,3.333519854,3.702651784,3.442610387,4.178164048,3.20083199,3.099403007,3.88472689,
0.07,35,0.07,72.63,,1.73295637,1.949390007,1.73295637,2.102536607,,3.378207829,3.800121398,3.378207829,4.09866385,3.003137779,3.003137779,3.643604205,
0,8.41,21.6,42.18,,1.73239376,1.795254183,1.878521796,1.983084773,,3.110087143,3.22293758,3.37242411,3.560141233,3.528844136,3.254339436,3.725267968,
0,25,-9.9,27.67,,1.73239376,1.897627091,1.644438589,1.912062556,,3.287437331,3.600988578,3.120531217,3.628381706,2.704178275,2.848815151,3.144269452,
1.92,14.67,-2.19,63.1,,1.747567163,1.836767047,1.714413592,2.068556895,,3.209873778,3.373713186,3.148978392,3.799457141,2.939213965,2.996052897,3.546362057,
-10.01,19.2,5.71,45.28,,1.643353962,1.864511081,1.776047071,1.996861768,,3.064051672,3.476401571,3.311459445,3.723170895,3.154343199,2.918673991,3.546520495,
4.27,36.3,-17.56,47.89,,1.765445018,1.95568775,1.561578368,2.008131562,,3.452659196,3.824714577,3.053959686,3.927278297,2.438527,2.756880751,3.135854808,
5.71,40.5,-20.52,113.65,,1.776047071,1.975431809,1.524785449,2.224403558,,3.508459878,3.90233083,3.012109678,4.394157543,2.324970666,2.708090731,3.391738178,
3.37,36.8,13.17,80.79,,1.75868485,1.958085849,1.827175348,2.129657673,,3.443655917,3.83410019,3.577766192,4.170052552,3.338569753,3.213425603,3.891258001,
0.07,4.97,-3.4,36.32,,1.73295637,1.770631128,1.704150517,1.955783929,,3.068426491,3.135134591,3.017421952,3.462971904,2.904128984,2.953218493,3.332950193,
-0.22,39.2,-15.8,91.66,,1.730620798,1.969415912,1.582063363,2.163340306,,3.408312138,3.878599036,3.115740761,4.260516822,2.502924484,2.737951759,3.422541439,
2.34,39.25,-6.21,107.61,,1.750816843,1.96964884,1.679337031,2.20846823,,3.448494364,3.879516555,3.307704235,4.349906889,2.820172862,2.940211558,3.70876248,
9.13,18.74,3.77,58.29,,1.800235789,1.861773297,1.761702368,2.050341082,,3.35163092,3.466199808,3.279890425,3.817270275,3.103595232,3.171479652,3.612090738,
0,9,14.4,41.54,,1.73239376,1.799340549,1.835056102,1.980185237,,3.11716634,3.237626413,3.301890854,3.563027592,3.367430896,3.17903974,3.633751002,
-1.26,27.46,-25.89,72.49,,1.722140125,1.910944406,1.448860846,2.102056193,,3.290914039,3.651708522,2.768692528,4.016912522,2.09919775,2.495141398,3.045586913,
-1.83,24.91,9.71,43.16,,1.717420837,1.897132043,1.804207605,1.987487506,,3.258174101,3.59910999,3.422820061,3.770526234,3.255165082,3.098583735,3.585840074,
-0.25,35.02,11.43,107.3,,1.730378469,1.94948759,1.81577692,2.207634367,,3.37335135,3.800501863,3.539834572,4.303755802,3.297045824,3.141981287,4.008571533,
-6.45,0.97,8.86,18.14,,1.677150521,1.740125737,1.798374377,1.858176138,,2.918452787,3.02803758,3.129397538,3.233460122,3.234150399,3.016144523,3.341696354,
0,0,50.81,21.53,,1.73239376,1.73239376,2.020402721,1.878119485,,3.001188139,3.001188139,3.500133066,3.253642475,4.082027155,3.500133066,3.794557717,
-5.6,20.85,-20.85,43.71,,1.684845362,1.874191805,1.520483533,1.989939013,,3.157723369,3.512594921,2.849677776,3.729527391,2.311870173,2.561779628,3.025669501,
-10.95,26.42,-16.42,67.42,,1.633973156,1.905364069,1.574956776,2.084290229,,3.11331374,3.630412235,3.00086605,3.97133171,2.480488846,2.573437093,3.282667018,
0.8,38.56,-8.93,95.57,,1.738780558,1.966423346,1.653887558,2.174844494,,3.419178684,3.866820775,3.252243106,4.276664986,2.735344055,2.875747532,3.596948249,
-3.57,29.68,-10.94,42.05,,1.702688968,1.922621672,1.634074025,1.982497369,,3.27362671,3.696474092,3.141706134,3.811592406,2.670197921,2.782319816,3.239547457,
2.8,38.74,-26.89,88.36,,1.754348336,1.967267092,1.433129518,2.153387979,,3.451271748,3.87013981,2.819348538,4.236289307,2.053860214,2.514208384,3.086083876,
-6.85,39.23,10.4,69.65,,1.673481697,1.969555684,1.808885867,2.092194121,,3.296015389,3.879149593,3.562701442,4.120692823,3.272068081,3.027137391,3.784540377,
0,0,29.93,30.61,,1.73239376,1.73239376,1.923917223,1.927421695,,3.001188139,3.001188139,3.332982192,3.339053317,3.701457481,3.332982192,3.708199795,
-4.07,4.67,18.45,22.54,,1.698361566,1.768416088,1.86003839,1.883888458,,3.003409917,3.127295461,3.289321813,3.331498657,3.459742812,3.159017713,3.504104854,
11.2,28.01,16.99,75.67,,1.814247596,1.913866812,1.851197176,2.112839511,,3.472228262,3.662886174,3.542944838,4.043693419,3.426930985,3.358530026,3.911282536,
-5.25,21.94,13.06,51.53,,1.68797462,1.880470593,1.826463549,2.023375938,,3.174186634,3.53616965,3.434610993,3.80489895,3.335969096,3.083024115,3.695622397,
0,20,5,52.98,,1.73239376,1.86923172,1.770852012,2.029302594,,3.238245367,3.494027222,3.310132751,3.793236777,3.135916847,3.067812975,3.59359458,
0,15,7.36,64.98,,1.73239376,1.838849091,1.787885351,2.075473965,,3.18561069,3.381365979,3.287651352,3.816483413,3.196534028,3.097321425,3.710709498,
0,20,-5.75,48,,1.73239376,1.86923172,1.683497318,2.008600172,,3.238245367,3.494027222,3.146846586,3.754539153,2.834163219,2.916480248,3.381473001,
0,30,21.2,56.86,,1.73239376,1.924279286,1.876217841,2.044774874,,3.333609427,3.702850771,3.610367127,3.934717935,3.520193385,3.250348079,3.836443099,
-8.26,7.17,42.92,26.13,,1.66029616,1.78653848,1.986413405,1.903795143,,2.966182979,3.191719742,3.548803987,3.401203281,3.945838217,3.29803455,3.781724193,
0,0,0,23.99,,1.73239376,1.73239376,1.73239376,1.89203892,,3.001188139,3.001188139,3.001188139,3.277756419,3.001188139,3.001188139,3.277756419,
1.77,7.17,2.46,31.17,,1.746400644,1.78653848,1.751740874,1.930286647,,3.120011954,3.191719742,3.129552479,3.448531374,3.068596089,3.059241391,3.381362018,
8.45,37.5,-13.43,50.34,,1.795532443,1.961421094,1.608205008,2.018450832,,3.521795208,3.847172708,3.154367226,3.95903204,2.586323347,2.887584266,3.246082736,
4.34,36.25,10,98.94,,1.765966425,1.955447211,1.806179974,2.184521086,,3.453254119,3.823773793,3.531889592,4.271715664,3.262286098,3.189653191,3.945638238,
0,10,-4.33,33.43,,1.73239376,1.806179974,1.69609416,1.941660478,,3.129014916,3.262286098,3.063451306,3.506988272,2.8767354,2.938302939,3.293238998,
0,30.01,37.32,109.88,,1.73239376,1.924330985,1.960565903,2.214525955,,3.33369899,3.703049739,3.772777714,4.261480912,3.843818659,3.396472136,4.341724079,
-11.2,35.13,-5.51,40.84,,1.631443769,1.950023907,1.685652184,1.976991545,,3.181354352,3.802593236,3.287062057,3.855180776,2.841423286,2.750046752,3.332520116,
-11.2,7.5,23.46,26.72,,1.631443769,1.788875116,1.889077493,1.906981153,,2.918449161,3.20007418,3.379323718,3.411351131,3.568613773,3.081923705,3.602435175,
9.27,38.07,-13.07,62.83,,1.801197834,1.964118143,1.612041745,2.067554377,,3.537765346,3.85776008,3.166240438,4.060921063,2.598678586,2.9036061,3.332983965,
0,12.5,18.81,47.71,,1.73239376,1.822821645,1.862191031,2.007363654,,3.157844844,3.322678751,3.394442119,3.659065919,3.467755436,3.226048122,3.738094593,
0.08,18.7,6.3,88.24,,1.733036683,1.861534411,1.780317312,2.153021744,,3.226107421,3.465310363,3.314121939,4.007924063,3.169529732,3.085355209,3.833061884,
0,25,-4.09,59.52,,1.73239376,1.897627091,1.69818757,2.055072382,,3.287437331,3.600988578,3.222526739,3.899761027,2.883841022,2.941929549,3.489898375,
1.64,35.12,-0.12,83.7,,1.745387121,1.949975178,1.731427587,2.13893394,,3.403461562,3.802403194,3.376240817,4.170868091,2.997841489,3.022011412,3.703409231,
-10.95,55.83,-17.39,39.24,,1.633973156,2.040720984,1.563599729,1.969602265,,3.334483306,4.164542133,3.190870777,4.019408671,2.444844112,2.554879983,3.079669567,
0,11.83,11.57,48.59,,1.73239376,1.818423855,1.816705184,2.01110503,,3.150226139,3.306665317,3.303540044,3.657041361,3.300417724,3.147248724,3.653584933,
2.15,44.66,-32.91,112.17,,1.749349761,1.994141111,1.32407658,2.22055262,,3.488450275,3.976598771,2.640395542,4.428095269,1.753178789,2.316273048,2.940181718,
0,18.81,2.27,35.49,,1.73239376,1.862191031,1.750276915,1.951774508,,3.226048122,3.467755436,3.259349973,3.634576984,3.06346928,3.032168806,3.416145865,
0,19.96,10.07,47.53,,1.73239376,1.868996902,1.806654724,2.006594386,,3.237838571,3.493149422,3.376632083,3.750318692,3.264001292,3.12983737,3.625223227,
-1.03,36.24,-1.24,120.11,,1.724029973,1.955399087,1.722304787,2.240823716,,3.371166634,3.823585588,3.367793207,4.381704647,2.966333779,2.969305075,3.859381412,
2.58,37.14,-14.27,72.8,,1.752662943,1.959709024,1.599118565,2.103119254,,3.434709386,3.84045946,3.133807083,4.12150178,2.557180185,2.802715851,3.363137043,
-0.02,17.14,-5.29,67.02,,1.73223288,1.852113861,1.68761813,2.082857149,,3.208292528,3.430325754,3.12566093,3.857688595,2.848054951,2.923347613,3.515067485,
-3.43,31.81,5.4,62.35,,1.703892954,1.933537902,1.773786445,2.065766388,,3.294541607,3.738568818,3.429683321,3.994237607,3.146318352,3.022342225,3.664228417,
0,0,6,45.2,,1.73239376,1.73239376,1.77815125,1.996511672,,3.001188139,3.001188139,3.08045813,3.458744362,3.161821869,3.08045813,3.550099726,
-3.12,41.35,-16.42,78.59,,1.706547103,1.979320697,1.574956776,2.122510771,,3.377804001,3.917710423,3.117344544,4.201129499,2.480488846,2.687737922,3.34286272,
0,16.99,6.2,40.05,,1.73239376,1.851197176,1.779596491,1.9733588,,3.207002436,3.426930985,3.294383999,3.653076238,3.166963672,3.082961856,3.511782396,
-2.73,23.8,8.97,46.17,,1.709863317,1.890979597,1.799133693,2.000737674,,3.233316647,3.575803836,3.402125106,3.78335412,3.236882046,3.076272705,3.59959456,
0.14,27.28,7.72,46.97,,1.733518251,1.909983695,1.790425917,2.004192356,,3.310991595,3.648037715,3.419684309,3.827974722,3.205624966,3.103736006,3.588357938,
-5.83,7.18,2.65,27.13,,1.682776646,1.786609473,1.753199914,1.909181476,,3.006464697,3.191973408,3.132283574,3.41096171,3.073709939,2.950243872,3.3471768,
3.39,29.63,-1.8,36.58,,1.758836225,1.922362097,1.717670503,1.957032316,,3.381120093,3.695476031,3.30198467,3.762124747,2.950391957,3.021101103,3.361536683,
0.63,25.08,8.1,43.55,,1.737431201,1.898066661,1.7930916,1.989227274,,3.297760237,3.602657048,3.403407386,3.775685969,3.215177487,3.115373292,3.566866715,
-4.24,31.46,-3.15,49.36,,1.696880372,1.931762888,1.706290957,2.014352501,,3.277970528,3.731707857,3.296149548,3.891251405,2.911428831,2.895371634,3.437071457,
0.13,22.02,-18.69,47.12,,1.733438027,1.880927865,1.547897718,2.004837061,,3.260471888,3.537889634,2.91148395,3.770953893,2.395987344,2.683184766,3.103282711,
7.07,50.55,4.45,133.47,,1.78582792,2.019324037,1.766784515,2.272931779,,3.606165245,4.077669567,3.567710441,4.589785777,3.121527524,3.155173116,4.015780673,
-11.2,55.7,-8.34,63.85,,1.631443769,2.040206628,1.659535907,2.071329587,,3.32848239,4.162443083,3.385796156,4.225940351,2.754059427,2.707439515,3.437445825,
-1.9,43.23,-8.98,44.91,,1.716837723,1.987800286,1.653405491,1.995240202,,3.412730517,3.951349976,3.286639907,3.966139043,2.733749717,2.838628918,3.298941105,
-2.19,9.92,17.69,33.04,,1.714413592,1.805636766,1.85545858,1.939718882,,3.095608215,3.260324132,3.350284231,3.50242773,3.442726544,3.18102341,3.599068044,
-10.73,26.36,-16.21,52.14,,1.636186895,1.905039928,1.577376892,2.025879083,,3.117001365,3.629177128,3.004965961,3.859380543,2.488117859,2.580883399,3.195574852,
-0.3,31.77,12.89,49.24,,1.729974286,1.93333541,1.825361196,2.013847996,,3.344620545,3.737785808,3.529035436,3.893443641,3.331943496,3.157827931,3.675999986,
0,22.25,-0.4,49.62,,1.73239376,1.882239848,1.72916479,2.015443588,,3.260780567,3.542826845,3.254702871,3.793548233,2.99001087,2.995594291,3.485034088,
-7.17,1.72,38.55,28.97,,1.670524158,1.746011108,1.966376423,1.91892109,,2.916753735,3.048554788,3.433315077,3.350457538,3.866636237,3.284879318,3.773321189,
-2.72,33.78,-29.93,37.83,,1.709948017,1.943395577,1.38147609,1.962984584,,3.323105411,3.776786367,2.684754523,3.814855558,1.908476188,2.3622523,2.711816269,
-0.99,34.71,-24.68,67.67,,1.724357804,1.947972579,1.467163966,2.085183508,,3.359001719,3.794597169,2.857995175,4.061880296,2.152570103,2.529915635,3.059306105,
0,35,-13.17,47.64,,1.73239376,1.949390007,1.61097938,2.007064656,,3.377111083,3.800121398,3.140427104,3.912551784,2.595254563,2.790850625,3.233339776,
-11.2,34.97,-4.94,38.1,,1.631443769,1.949243591,1.690727544,1.96425963,,3.18008131,3.799550575,3.295639828,3.828820494,2.858559628,2.758326917,3.32102786,
0,17.62,-2.62,57.98,,1.73239376,1.855034317,1.7107941,2.049140463,,3.213649874,3.441152316,3.173581764,3.801225879,2.926816452,2.963769023,3.505657414,
0,0,33.63,21,,1.73239376,1.73239376,1.942652812,1.875061263,,3.001188139,3.001188139,3.365439608,3.248344432,3.773899947,3.365439608,3.642593035,
0,25,5.03,37.2,,1.73239376,1.897627091,1.771072783,1.959994838,,3.287437331,3.600988578,3.360835694,3.719339304,3.136698803,3.068195438,3.471293513,
4.63,37.71,-27.82,31.05,,1.768119894,1.962416693,1.417969642,1.929674318,,3.469787996,3.851079279,2.782647297,3.786825094,2.010637906,2.507140334,2.736219602,
0,25,-5.02,56.39,,1.73239376,1.897627091,1.690018781,2.042929733,,3.287437331,3.600988578,3.207025423,3.876718808,2.856163479,2.92777799,3.452589617,
5.22,31.35,-21.04,125.55,,1.772468403,1.931203525,1.517987203,2.254185409,,3.422997229,3.729547057,2.931542238,4.35329081,2.304285149,2.690584354,3.421824605,
-0.08,25,-0.02,92.9,,1.731749884,1.897627091,1.73223288,2.167021796,,3.286215494,3.600988578,3.287132042,4.112199267,3.000630751,2.999794089,3.753786407,
2.2,49.82,-49.82,69.68,,1.749736316,2.016281025,0.621176282,2.092299477,,3.527960131,4.06538917,1.25246595,4.218663732,0.385859973,1.086894699,1.299686809,
2.09,17.54,17.85,36.26,,1.74888544,1.854548936,1.856426772,1.955495329,,3.243393632,3.439351755,3.442834295,3.626561782,3.446320362,3.246677753,3.630233883,
0,10.32,19.78,38.15,,1.73239376,1.808346036,1.867938651,1.96449534,,3.132767388,3.270115385,3.377879454,3.55248736,3.489194803,3.236005263,3.669556774,
-3.5,42.92,-8.44,91.73,,1.703291378,1.986413405,1.658583715,2.163548965,,3.383440827,3.945838217,3.294632926,4.297702667,2.750899941,2.825051342,3.588427081,
0,30,5,88.39,,1.73239376,1.924279286,1.770852012,2.15347949,,3.333609427,3.702850771,3.407613845,4.143895976,3.135916847,3.067812975,3.813493487,
4.74,15.33,-10.39,59.27,,1.768933942,1.8409212,1.639586087,2.054114901,,3.256467996,3.388990865,3.018348787,3.781463668,2.688242536,2.90031948,3.367898211,
0.12,25.01,-2.85,58.63,,1.733357788,1.897682062,1.708845638,2.051654084,,3.289361981,3.601197208,3.242845714,3.893387152,2.920153415,2.962040895,3.505960132,
-11.2,26.36,3.64,60.74,,1.631443769,1.905039928,1.760723972,2.059714846,,3.10796552,3.629177128,3.354249469,3.923839021,3.100148906,2.872522153,3.626589304,
8.83,7.92,38.33,43.52,,1.79816706,1.791830948,1.965342836,1.989093693,,3.222011387,3.210658145,3.521562116,3.564119636,3.862572461,3.534014748,3.909251038,
0,30,-18.25,60.97,,1.73239376,1.924279286,1.553276046,2.060584531,,3.333609427,3.702850771,2.988936921,3.965140131,2.412666476,2.69088573,3.200656594,
-8.89,48.12,-23.12,147.12,,1.654272827,2.009110806,1.489677292,2.30345526,,3.323617413,4.036526231,2.992926744,4.627896855,2.219138433,2.464332665,3.431404994,
2.59,38.21,-8.24,68.81,,1.752739694,1.964778022,1.660486016,2.089233731,,3.443744429,3.860352676,3.26248643,4.104880518,2.757213809,2.910399751,3.469143395,
4.68,31.33,-12.15,60.53,,1.768490105,1.931101746,1.621695462,2.058919261,,3.415134329,3.729153952,3.131658938,3.975982578,2.629896173,2.867952379,3.338940022,
-0.21,25.65,-5.67,55.75,,1.730701544,1.90118578,1.684216795,2.040404529,,3.290385166,3.614507371,3.202009022,3.879188076,2.836586213,2.914876608,3.436483576,
6.59,46.65,-29.55,73.38,,1.782400952,2.002813779,1.388278863,2.105101245,,3.569817188,4.011263034,2.780464037,4.216125779,1.927318203,2.474469569,2.922467563,
0,35,3.44,69.38,,1.73239376,1.949390007,1.759214431,2.091244766,,3.377111083,3.800121398,3.429395032,4.076651648,3.094835415,3.047652103,3.678947971,
-0.29,29.5,-7.14,92.64,,1.730055152,1.921686475,1.670802284,2.166252452,,3.324623588,3.69287891,3.210758153,4.162858039,2.791580273,2.8905801,3.619379545,
-2.67,24.08,-9.27,52.25,,1.710371264,1.892539805,1.650598898,2.026328939,,3.236945698,3.581706912,3.123824116,3.834908174,2.724476723,2.823136924,3.344656314,
0.08,19.98,10.12,41.51,,1.733036683,1.869114327,1.806993514,1.980048845,,3.239243693,3.493588367,3.377477465,3.700937664,3.265225558,3.131586045,3.57793542,
4.28,27.91,1.14,85.51,,1.765519543,1.913336926,1.741466762,2.144605339,,3.378033735,3.660858192,3.332012661,4.103352586,3.032706482,3.074593602,3.734758914,
5.52,31.1,-11.12,64.62,,1.774662923,1.92992956,1.632254777,2.07415792,,3.424974433,3.724628107,3.150136743,4.002978682,2.664255656,2.896702032,3.385554172,
1.89,40.06,-10.06,78.11,,1.74733411,1.973404974,1.642860053,2.120935693,,3.448197824,3.894327193,3.2420282,4.185465046,2.698989152,2.870625407,3.484400523,
2.89,15.8,18.91,46.19,,1.755035934,1.843855423,1.862787098,2.000824377,,3.236032523,3.39980282,3.434710092,3.689230877,3.469975773,3.269258294,3.727109835,
-0.91,40.06,-1.99,72.77,,1.725012725,1.973404974,1.716086854,2.10301649,,3.404148693,3.894327193,3.386534334,4.150103203,2.94495409,2.960271661,3.608958952,
,,,,,,,,,,,,,,,,,
,,,,Sum o f,ln Y,lnX1,lnx2,lnx3,,ln(x1)ln(y),ln(x1)^2,ln(x1)*ln(x2),ln(x1)*ln(x3),ln(x2)^2,ln(x2)ln(y),ln(x2)*ln(x3),
,,,,,866.0041319,950.1485047,851.686629,1025.128013,,1645.735197,1808.61332,1614.884805,1950.43697,1464.945436,1474.977884,1743.456071,
